date,open,max,min,close,volume,y
20071219,6.68,6.85,6.34,6.85,3094075100,[0 0]
20071220,6.9,6.9,6.55,6.8,569475500,[0 1]
20071221,6.6,6.71,6.43,6.7,392608200,[1 0]
20071226,6.6,6.7,6.49,6.6,206655200,[1 0]
20071227,6.45,6.7,6.45,6.7,188661500,[1 0]
20071228,6.7,7.1,6.63,7.1,213660400,[0 1]
20080102,7.0,7.04,6.84,6.98,54214800,[0 1]
20080103,7.0,7.14,6.8,7.05,113697100,[0 1]
20080104,7.05,7.1,6.52,6.8,315342500,[0 0]
20080107,6.6,7.0,6.6,7.0,174056300,[0 0]
20080108,6.75,7.0,6.7,6.95,27449300,[1 0]
20080109,6.95,7.0,6.61,6.8,998707200,[1 0]
20080110,6.8,6.98,6.7,6.98,412806200,[0 1]
20080111,6.76,6.94,6.61,6.8,228069500,[1 0]
20080114,6.7,6.85,6.7,6.82,26276600,[1 1]
20080115,6.8,6.85,6.65,6.8,73251000,[1 1]
20080116,6.6,6.99,6.5,6.99,357389900,[1 1]
20080117,6.8,6.99,6.5,6.99,383340600,[1 1]
20080118,6.56,6.75,6.4,6.6,29156500,[0 0]
20080121,5.5,6.2,5.5,6.0,4872600,[1 1]
20080122,5.4,5.9,5.25,5.25,3489800,[0 0]
20080123,5.4,5.45,5.3,5.3,32160300,[0 0]
20080124,5.6,5.64,5.2,5.2,45208800,[0 0]
20080128,5.2,5.29,5.1,5.29,33480800,[0 1]
20080129,5.29,5.34,5.03,5.15,28642900,[0 0]
20080130,5.14,5.25,5.01,5.15,83050700,[0 0]
20080131,5.01,5.21,5.01,5.19,105621600,[0 0]
20080201,5.21,5.5,5.21,5.3,154101300,[0 0]
20080206,5.15,5.15,5.05,5.05,28490100,[0 0]
20080207,5.01,5.15,4.95,5.13,38833900,[0 1]
20080208,5.13,5.15,5.13,5.15,2574700,[1 1]
20080211,5.14,5.3,5.1,5.3,18526200,[1 0]
20080212,5.35,5.65,5.35,5.55,18740500,[0 1]
20080213,5.55,6.0,5.55,5.8,277890300,[0 0]
20080214,5.85,6.0,5.85,6.0,238171600,[1 1]
20080215,6.1,6.3,6.0,6.3,13715100,[0 1]
20080218,6.35,6.75,6.35,6.75,23289400,[0 0]
20080219,6.75,6.84,6.75,6.75,122501300,[0 0]
20080220,6.65,6.7,6.65,6.7,512414300,[1 1]
20080221,6.7,6.8,6.45,6.8,24502700,[1 1]
20080222,6.8,7.05,6.75,7.05,11821900,[0 1]
20080225,7.0,7.05,6.85,7.05,259065600,[1 0]
20080226,7.0,7.05,6.9,6.99,654281000,[1 1]
20080227,6.99,6.99,6.85,6.9,4827400,[1 0]
20080228,6.9,6.9,6.85,6.85,13837500,[0 0]
20080229,6.75,6.75,6.5,6.6,78249300,[0 0]
20080303,6.6,6.6,6.25,6.3,94871000,[1 0]
20080304,6.3,6.3,6.15,6.19,5798700,[1 1]
20080305,6.25,6.25,6.0,6.2,27782500,[1 1]
20080306,6.2,6.2,6.0,6.09,56076400,[1 0]
20080307,6.05,6.05,5.85,6.0,70272300,[1 0]
20080310,6.0,6.0,5.73,5.73,8623800,[1 1]
20080311,5.85,5.85,5.43,5.49,53223300,[1 1]
20080312,5.48,5.48,5.15,5.3,143426900,[1 1]
20080313,5.2,5.2,4.85,5.0,241626700,[0 0]
20080314,5.2,5.2,4.9,5.0,275894900,[0 0]
20080317,4.95,4.95,4.85,4.85,6943000,[0 0]
20080318,4.9,4.95,4.7,4.7,36173800,[0 1]
20080319,4.79,4.79,4.38,4.4,64815400,[0 1]
20080320,4.45,4.45,4.32,4.4,225556700,[0 1]
20080324,4.4,4.6,4.4,4.55,136158800,[0 1]
20080325,4.75,4.99,4.75,4.91,681771600,[0 0]
20080326,5.02,5.15,4.98,5.08,219361400,[0 1]
20080327,5.15,5.3,5.05,5.15,70010300,[0 0]
20080328,5.2,5.29,5.15,5.15,52933800,[0 1]
20080331,5.15,5.15,5.04,5.15,102925700,[0 1]
20080401,5.28,5.38,5.16,5.35,95148100,[0 1]
20080402,5.35,5.37,5.25,5.3,161267700,[1 0]
20080403,5.28,5.3,5.2,5.26,152394700,[0 0]
20080404,5.28,5.4,5.2,5.27,186883300,[0 1]
20080407,5.2,5.38,5.2,5.38,11831600,[1 1]
20080408,5.3,5.3,5.2,5.25,2875100,[1 0]
20080409,5.24,5.4,5.2,5.3,65093500,[1 0]
20080410,5.3,5.3,5.25,5.3,5575000,[0 0]
20080411,5.3,5.3,5.15,5.2,3260100,[1 0]
20080414,5.15,5.15,4.82,4.88,36622800,[0 0]
20080415,4.89,4.89,4.55,4.72,27116100,[0 1]
20080416,4.75,4.86,4.7,4.75,131027200,[0 0]
20080417,4.76,4.91,4.75,4.91,1854300,[0 1]
20080418,4.91,5.0,4.78,5.0,5298100,[0 0]
20080422,5.0,5.14,5.0,5.14,11414800,[0 0]
20080423,5.2,5.2,5.0,5.0,36881500,[1 1]
20080424,5.05,5.1,5.05,5.1,1782500,[0 0]
20080425,5.1,5.27,5.1,5.27,39362600,[0 0]
20080428,5.25,5.27,5.2,5.27,31655300,[0 0]
20080429,5.32,5.58,5.3,5.5,101907000,[1 1]
20080430,5.5,5.9,5.5,5.9,38653000,[0 0]
20080502,5.95,6.16,5.7,6.0,216145500,[0 1]
20080505,6.0,6.0,5.8,5.9,225477900,[0 0]
20080506,5.92,5.95,5.75,5.8,173390000,[0 1]
20080507,5.8,5.81,5.4,5.5,166582600,[0 0]
20080508,5.52,5.52,5.2,5.32,212090600,[0 1]
20080509,5.31,5.32,5.21,5.32,26049300,[1 1]
20080512,5.35,5.7,5.35,5.4,105643600,[0 0]
20080513,5.4,5.6,5.35,5.4,18990900,[0 0]
20080514,5.38,5.7,5.35,5.59,605080000,[0 0]
20080515,5.59,5.85,5.59,5.8,74149600,[1 0]
20080516,5.87,6.3,5.87,6.3,145695900,[1 0]
20080519,6.24,6.58,6.24,6.52,72302700,[1 0]
20080520,6.5,6.65,6.49,6.65,8141700,[0 0]
20080521,6.52,6.6,6.5,6.6,7367900,[1 1]
20080523,6.55,6.65,6.35,6.65,39397200,[0 0]
20080526,6.5,6.65,6.5,6.65,16319000,[0 0]
20080527,6.6,6.75,6.56,6.75,12998900,[0 0]
20080528,6.75,6.99,6.7,6.95,373374200,[1 0]
20080529,6.95,7.1,6.85,7.0,181219800,[1 1]
20080530,7.11,7.35,7.11,7.35,747161400,[1 1]
20080602,7.35,7.74,7.32,7.67,81634600,[1 0]
20080603,7.67,8.0,7.67,7.85,146796500,[0 0]
20080604,7.7,7.9,7.63,7.8,110790700,[0 0]
20080605,7.9,7.93,7.3,7.59,53041000,[0 0]
20080606,7.6,7.61,7.28,7.5,425518800,[0 0]
20080609,7.6,7.6,7.05,7.35,67947700,[1 0]
20080610,7.3,7.3,7.0,7.0,127000500,[0 0]
20080611,7.05,7.05,6.85,6.85,50787600,[0 1]
20080612,6.75,6.85,6.7,6.8,28329000,[0 0]
20080613,6.8,6.85,6.7,6.85,9007400,[0 0]
20080616,6.85,6.85,6.8,6.85,226164200,[0 0]
20080617,6.9,7.13,6.9,7.1,38314900,[0 1]
20080618,7.05,7.05,7.0,7.0,5745000,[1 0]
20080619,7.0,7.05,6.9,7.05,24706000,[0 1]
20080620,7.0,7.0,6.8,6.8,59925400,[1 0]
20080623,6.9,7.1,6.9,7.09,14775400,[0 0]
20080624,7.0,7.05,6.9,7.05,52843500,[0 1]
20080625,7.02,7.02,6.9,7.02,58805900,[0 1]
20080626,6.9,6.9,6.76,6.9,41673200,[0 0]
20080627,6.99,6.99,6.9,6.99,14748000,[0 1]
20080630,6.99,6.99,6.97,6.99,245310000,[0 0]
20080701,6.8,6.9,6.6,6.75,132859400,[0 1]
20080702,6.85,6.85,6.5,6.7,7819000,[0 1]
20080703,6.66,6.75,6.66,6.75,15555500,[0 1]
20080704,6.8,6.8,6.5,6.7,41264800,[0 0]
20080707,6.75,6.8,6.65,6.75,3697500,[0 1]
20080708,6.8,6.8,6.7,6.7,6113000,[0 0]
20080710,6.75,6.81,6.7,6.81,224033100,[0 0]
20080711,6.8,6.9,6.8,6.9,39125000,[1 0]
20080714,6.75,7.0,6.75,6.8,1969000,[0 1]
20080715,6.75,6.8,6.7,6.8,11603500,[0 0]
20080716,6.8,6.8,6.8,6.8,54876000,[1 1]
20080717,6.76,6.8,6.55,6.8,20261600,[1 0]
20080718,6.89,6.9,6.7,6.85,10031600,[0 0]
20080721,7.0,7.0,6.85,6.86,55113200,[0 0]
20080722,6.99,7.1,6.9,7.1,58267800,[1 0]
20080723,7.0,7.15,7.0,7.15,15621800,[0 1]
20080724,7.1,7.15,7.0,7.0,69652100,[1 1]
20080725,7.0,7.1,6.9,7.1,31864000,[0 1]
20080728,6.95,6.95,6.85,6.85,16456000,[0 1]
20080729,6.85,6.85,6.7,6.75,14745200,[1 1]
20080730,6.75,6.75,6.65,6.7,11812500,[0 0]
20080731,6.75,6.75,6.55,6.75,6017000,[0 1]
20080801,6.74,6.74,6.55,6.74,2845600,[0 1]
20080804,6.74,6.74,6.5,6.5,85761600,[0 1]
20080805,6.49,6.5,6.49,6.5,4478300,[0 1]
20080806,6.5,6.5,6.34,6.34,14159800,[1 1]
20080807,6.3,6.44,6.3,6.44,129941000,[0 1]
20080808,6.4,6.4,6.28,6.4,13044000,[1 1]
20080811,6.28,6.28,6.15,6.2,21845000,[0 1]
20080812,6.3,6.3,6.01,6.15,14682100,[0 1]
20080813,6.2,6.2,6.2,6.2,1364000,[1 0]
20080814,6.28,6.28,6.0,6.1,10108100,[0 1]
20080815,6.1,6.1,5.53,5.53,62740700,[0 1]
20080818,5.65,5.65,5.5,5.5,40651400,[0 0]
20080819,5.5,5.5,5.25,5.25,39695000,[1 1]
20080820,5.25,5.3,5.21,5.29,50343300,[0 0]
20080821,5.4,5.45,5.3,5.45,105745000,[0 1]
20080822,5.45,5.45,5.2,5.4,69363000,[0 1]
20080825,5.4,5.4,5.4,5.4,5508000,[0 1]
20080826,5.4,5.4,5.2,5.2,26762500,[0 1]
20080827,5.2,5.2,5.19,5.19,778700,[0 0]
20080828,5.2,5.2,5.0,5.1,112907000,[1 0]
20080829,5.25,5.25,5.1,5.1,45122000,[1 0]
20080901,5.15,5.2,5.15,5.2,623000,[1 0]
20080902,5.2,5.4,5.2,5.25,34442500,[1 0]
20080903,5.3,5.3,5.15,5.25,20486000,[1 0]
20080904,5.25,5.25,4.99,5.0,99419000,[0 0]
20080905,5.0,5.0,4.95,5.0,234131500,[0 0]
20080908,5.2,5.2,5.2,5.2,187252000,[0 1]
20080909,5.2,5.2,5.1,5.2,80076000,[1 1]
20080910,5.15,5.15,4.95,5.1,34655500,[1 1]
20080911,5.05,5.15,4.9,5.05,136074000,[0 1]
20080912,5.1,5.1,4.95,5.1,6175000,[0 1]
20080915,5.0,5.0,4.99,4.99,5139800,[0 0]
20080916,4.99,4.99,4.8,4.8,39970900,[0 0]
20080917,4.75,4.75,3.93,3.99,73297800,[0 0]
20080918,4.05,4.35,3.95,4.35,163396900,[0 0]
20080919,4.71,4.84,4.49,4.5,46709300,[0 0]
20080922,4.5,4.6,4.4,4.6,1544000,[0 1]
20080923,4.6,4.6,4.46,4.46,8966000,[1 0]
20080924,4.45,4.45,4.45,4.45,44500,[0 1]
20080925,4.45,4.45,4.45,4.45,2670000,[1 1]
20080926,3.65,3.85,3.64,3.64,581110500,[1 1]
20080929,3.65,3.65,3.4,3.4,22668500,[0 1]
20080930,3.24,3.4,3.14,3.3,305171600,[0 0]
20081001,3.31,3.35,3.25,3.35,48222000,[0 0]
20081002,3.3,3.3,3.15,3.25,181968300,[1 1]
20081003,3.3,3.65,3.3,3.6,325531400,[0 0]
20081006,3.3,3.3,3.25,3.3,1278100,[1 1]
20081007,3.35,3.4,3.3,3.4,83578000,[1 0]
20081008,3.3,3.3,3.2,3.29,724793900,[0 1]
20081009,3.4,3.4,3.2,3.21,126929600,[0 1]
20081010,3.1,3.1,2.7,2.8,42354800,[1 1]
20081013,2.91,3.05,2.8,2.9,114921500,[0 0]
20081014,3.0,3.1,2.95,2.95,82992600,[0 1]
20081015,2.85,2.9,2.8,2.8,111307000,[0 0]
20081016,2.8,2.8,2.65,2.75,330252500,[0 1]
20081017,2.75,2.75,2.65,2.75,101626500,[0 1]
20081020,2.75,2.8,2.6,2.7,24011000,[1 0]
20081021,2.75,3.04,2.59,2.59,88939100,[0 0]
20081022,2.59,2.59,2.37,2.4,68245500,[0 1]
20081023,2.3,2.5,2.3,2.5,126230000,[1 0]
20081024,2.4,2.4,2.0,2.05,142709900,[1 0]
20081027,2.06,2.15,2.06,2.1,98310800,[1 1]
20081028,2.16,2.35,2.1,2.3,282672600,[0 1]
20081029,2.32,2.42,2.32,2.4,324769400,[1 0]
20081030,2.53,2.95,2.53,2.95,128292900,[1 0]
20081031,2.89,3.33,2.89,3.3,1058341300,[0 1]
20081103,3.31,3.31,3.28,3.3,10125100,[1 1]
20081104,3.32,3.37,3.28,3.28,9933200,[1 0]
20081105,3.17,3.3,3.17,3.2,11360800,[1 0]
20081106,3.0,3.0,3.0,3.0,6000000,[1 0]
20081107,3.0,3.0,3.0,3.0,1320000,[0 0]
20081110,3.0,3.0,2.9,2.9,2002000,[1 0]
20081111,2.9,2.9,2.9,2.9,1856000,[0 0]
20081112,2.9,2.9,2.9,2.9,261000,[0 1]
20081113,2.9,2.9,2.9,2.9,29000,[1 1]
20081114,3.0,3.0,2.95,3.0,446969400,[0 0]
20081117,2.85,2.85,2.85,2.85,5842500,[0 1]
20081118,2.79,2.79,2.5,2.6,26838000,[1 0]
20081119,2.6,2.6,2.59,2.6,83327300,[0 1]
20081121,2.6,2.6,2.5,2.5,279625000,[0 0]
20081124,2.6,2.6,2.6,2.6,832000,[0 1]
20081125,2.6,2.6,2.6,2.6,52078000,[0 0]
20081126,2.6,2.6,2.6,2.6,174538000,[1 0]
20081127,2.4,2.6,2.4,2.6,994000,[0 0]
20081128,2.6,2.65,2.51,2.51,13955500,[0 1]
20081201,2.5,2.5,2.4,2.5,86700000,[0 0]
20081202,2.5,2.5,2.4,2.4,3964000,[0 0]
20081203,2.4,2.4,2.35,2.39,48625000,[0 0]
20081204,2.39,2.45,2.39,2.4,1416300,[1 0]
20081205,2.5,2.5,2.5,2.5,50000,[0 1]
20081208,2.5,2.7,2.42,2.5,13222200,[0 0]
20081209,2.42,2.5,2.4,2.4,24268600,[1 1]
20081210,2.4,2.65,2.4,2.6,234007900,[1 1]
20081211,2.6,2.95,2.35,2.95,4720000,[0 0]
20081212,2.69,2.89,2.61,2.89,3394100,[0 1]
20081217,2.8,2.8,2.8,2.8,28000,[0 1]
20081219,2.8,2.8,2.8,2.8,22092000,[1 0]
20081222,2.79,2.8,2.6,2.6,8369900,[0 0]
20081223,2.7,2.7,2.7,2.7,54000,[1 0]
20081226,2.69,2.7,2.51,2.51,582270000,[0 0]
20081229,2.69,2.69,2.69,2.69,26900,[0 1]
20081230,2.6,2.65,2.6,2.65,26053000,[0 0]
20090102,2.6,2.6,2.5,2.6,1562000,[0 0]
20090105,2.6,2.6,2.51,2.6,1678200,[1 0]
20090106,2.99,3.0,2.95,3.0,281711300,[1 0]
20090107,3.0,3.0,3.0,3.0,2250000,[0 0]
20090112,2.74,3.0,2.74,3.0,45906600,[0 0]
20090113,2.99,3.0,2.99,3.0,689300,[0 1]
20090114,3.0,4.0,2.75,4.0,112300000,[0 0]
20090127,3.3,3.3,2.98,2.98,180737600,[1 0]
20090128,3.1,3.28,3.0,3.18,679700,[0 0]
20090129,3.16,3.16,3.01,3.01,143219200,[0 1]
20090130,3.0,3.09,3.0,3.09,6619200,[0 1]
20090202,3.05,3.05,3.05,3.05,91500,[0 1]
20090203,3.08,3.08,3.0,3.0,2391600,[1 0]
20090204,2.9,3.0,2.9,3.0,241790000,[1 0]
20090205,3.2,3.2,3.2,3.2,160000,[0 0]
20090209,3.0,3.18,3.0,3.18,38401800,[0 0]
20090211,3.0,3.0,3.0,3.0,30000,[1 0]
20090212,3.0,3.0,3.0,3.0,120000,[1 0]
20090213,3.0,3.0,3.0,3.0,4080000,[0 0]
20090216,3.17,3.17,2.52,3.15,32036500,[0 1]
20090217,2.95,2.95,2.95,2.95,65667000,[0 1]
20090219,2.95,2.95,2.95,2.95,138650000,[0 1]
20090220,2.65,3.14,2.65,3.14,640900,[1 0]
20090225,3.0,3.0,3.0,3.0,300000,[0 0]
20090226,3.0,3.0,2.72,2.72,1581600,[1 1]
20090227,2.61,2.8,2.61,2.8,98505400,[0 1]
20090302,2.99,2.99,2.99,2.99,179400,[1 1]
20090306,2.97,3.0,2.97,3.0,7761000,[1 0]
20090309,3.0,3.0,3.0,3.0,4920000,[1 0]
20090317,3.0,3.0,3.0,3.0,30000,[1 0]
20090323,2.8,2.8,2.8,2.8,17108000,[0 1]
20090324,2.68,2.8,2.68,2.7,653757100,[1 0]
20090325,2.7,2.75,2.7,2.7,352902000,[0 1]
20090326,2.93,2.93,2.93,2.93,29300,[1 0]
20090331,2.89,2.89,2.89,2.89,231200,[1 0]
20090401,2.8,2.8,2.7,2.7,73589200,[1 0]
20090402,2.7,2.71,2.7,2.71,23307100,[1 0]
20090403,2.89,2.89,2.89,2.89,28900,[0 0]
20090406,2.89,2.9,2.89,2.9,1333900,[1 1]
20090407,2.85,2.87,2.85,2.85,948425000,[0 0]
20090409,2.71,2.93,2.7,2.93,4327700,[1 0]
20090413,2.7,2.74,2.7,2.74,135800,[0 1]
20090415,2.73,2.85,2.73,2.85,220868500,[0 1]
20090416,2.86,2.93,2.86,2.88,808600,[1 1]
20090417,2.9,2.9,2.9,2.9,928000,[1 0]
20090420,2.87,2.87,2.87,2.87,28700,[1 1]
20090422,2.87,2.87,2.8,2.8,57044100,[1 0]
20090423,2.8,2.95,2.8,2.8,309500,[0 0]
20090424,2.8,3.0,2.8,2.81,32148100,[0 0]
20090428,2.78,2.78,2.78,2.78,5560000,[0 0]
20090429,3.0,3.0,2.8,2.8,3026500,[1 0]
20090430,2.8,2.8,2.8,2.8,81032000,[1 0]
20090504,3.01,3.01,2.74,2.9,28228500,[0 1]
20090505,2.9,2.9,2.78,2.78,50165200,[1 0]
20090506,2.8,2.85,2.8,2.84,55613800,[1 0]
20090507,2.84,2.99,2.84,2.99,17302400,[0 1]
20090508,2.99,3.3,2.99,3.28,21070900,[0 0]
20090511,3.1,3.15,3.0,3.1,20008600,[1 1]
20090512,3.28,3.29,3.1,3.11,14482800,[1 0]
20090513,3.1,3.35,3.02,3.35,53745000,[1 1]
20090514,3.3,3.45,3.3,3.45,1413500,[1 0]
20090518,3.37,3.43,3.25,3.25,21272900,[1 0]
20090519,3.41,3.6,3.26,3.6,8134300,[1 0]
20090521,3.59,3.59,3.02,3.26,5145800,[0 1]
20090522,3.3,3.49,3.3,3.49,2528200,[1 0]
20090525,3.5,3.5,3.5,3.5,2100000,[1 0]
20090526,3.5,3.5,3.5,3.5,105000,[1 1]
20090527,3.6,3.6,3.3,3.3,20177000,[1 1]
20090528,3.48,3.5,3.31,3.31,1748800,[1 0]
20090529,3.22,3.3,3.1,3.2,30792500,[0 0]
20090601,3.11,3.45,3.11,3.42,5375300,[1 1]
20090602,3.42,3.42,3.38,3.4,34687400,[1 0]
20090603,3.2,3.29,3.15,3.16,9358200,[1 0]
20090604,3.21,3.21,3.18,3.18,1115000,[1 1]
20090605,3.3,3.3,3.16,3.3,5031000,[1 1]
20090608,3.2,3.29,3.2,3.21,5803300,[0 1]
20090609,3.2,3.2,3.14,3.14,348400,[1 1]
20090610,3.12,3.12,3.12,3.12,1466400,[0 1]
20090612,3.3,3.3,3.3,3.3,33000,[1 0]
20090616,3.13,3.2,3.13,3.2,925200,[0 1]
20090617,3.17,3.29,3.05,3.29,252100,[1 0]
20090618,3.15,3.15,3.11,3.11,7016500,[1 0]
20090619,3.23,3.23,3.23,3.23,64600,[0 0]
20090623,3.03,3.15,3.0,3.0,8203700,[0 0]
20090624,3.13,3.16,3.13,3.16,19167000,[0 0]
20090626,3.1,3.1,3.1,3.1,9116400,[0 1]
20090629,3.1,3.1,3.1,3.1,10540000,[1 0]
20090630,3.15,3.15,3.15,3.15,630000,[0 0]
20090701,3.15,3.15,3.15,3.15,10489500,[1 0]
20090706,3.15,3.19,3.15,3.18,412500,[1 1]
20090707,3.02,3.16,2.98,2.98,57321000,[0 0]
20090708,3.15,3.15,3.0,3.14,7033900,[1 1]
20090710,3.0,3.14,3.0,3.14,6631400,[0 0]
20090713,2.92,3.19,2.92,3.19,275600,[0 0]
20090714,3.01,3.01,2.96,2.96,6918500,[0 0]
20090715,3.1,3.14,3.1,3.1,5270400,[0 0]
20090716,3.0,3.0,3.0,3.0,61260000,[0 1]
20090717,3.0,3.0,3.0,3.0,1889500,[1 1]
20090720,3.0,3.0,3.0,3.0,15000000,[1 0]
20090721,3.01,3.01,3.0,3.0,25800500,[0 1]
20090722,3.01,3.01,2.98,3.0,3690800,[0 1]
20090723,3.0,3.0,3.0,3.0,9090000,[1 0]
20090724,3.08,3.08,3.08,3.08,215600,[0 1]
20090727,3.09,3.19,3.09,3.1,7570500,[0 0]
20090728,3.17,3.32,3.15,3.32,353100,[0 1]
20090729,3.32,3.4,3.32,3.39,304300,[0 1]
20090730,3.2,3.5,3.2,3.5,6376300,[0 0]
20090731,3.5,3.57,3.5,3.5,353500,[1 1]
20090803,3.69,3.69,3.69,3.69,738000,[1 0]
20090804,3.31,3.5,3.31,3.49,2825200,[1 0]
20090805,3.5,3.5,3.5,3.5,3500000,[0 0]
20090806,3.5,3.5,3.5,3.5,2100000,[0 0]
20090811,3.45,3.45,3.4,3.4,4043500,[1 0]
20090812,3.35,3.35,3.35,3.35,670000,[0 1]
20090813,3.25,3.25,3.25,3.25,650000,[0 1]
20090817,3.0,3.24,3.0,3.24,3324000,[0 0]
20090818,3.19,3.19,3.19,3.19,382800,[1 1]
20090819,3.12,3.12,3.0,3.1,65597200,[1 0]
20090820,3.17,3.17,3.04,3.07,2873300,[0 0]
20090821,3.13,3.13,2.9,2.9,59817400,[0 1]
20090824,2.98,3.04,2.9,2.9,76025000,[1 0]
20090825,2.92,2.92,2.87,2.9,25017900,[1 0]
20090826,2.98,2.98,2.98,2.98,1229000,[0 0]
20090827,2.91,3.13,2.9,2.99,27442600,[0 0]
20090828,2.99,3.0,2.84,2.9,123598700,[0 1]
20090831,2.85,2.9,2.79,2.79,24730000,[0 0]
20090901,2.84,2.84,2.75,2.82,18559200,[0 0]
20090902,2.9,2.9,2.79,2.84,22781300,[0 0]
20090903,2.89,2.89,2.8,2.89,96612900,[1 1]
20090904,2.88,3.0,2.88,3.0,56461200,[1 0]
20090908,3.04,3.04,3.03,3.04,182200,[1 0]
20090909,2.99,2.99,2.99,2.99,25714000,[1 1]
20090910,3.04,3.09,3.03,3.09,20598700,[1 1]
20090911,3.08,3.09,3.08,3.09,926000,[0 1]
20090914,3.0,3.04,3.0,3.04,1922000,[1 0]
20090915,3.0,3.0,2.95,2.97,22677500,[0 1]
20090916,3.02,3.05,2.93,2.95,7418900,[1 0]
20090917,2.95,3.01,2.95,2.97,37677700,[0 0]
20090918,2.98,3.23,2.95,3.1,37926300,[1 1]
20090921,3.25,3.25,3.0,3.0,19427900,[1 0]
20090922,3.1,3.1,2.91,2.97,34796300,[1 1]
20090923,3.0,3.06,2.97,2.98,112838800,[0 0]
20090924,3.1,3.12,2.88,3.0,224954400,[0 0]
20090925,3.14,3.37,3.05,3.15,314402700,[1 1]
20090928,3.2,3.21,2.93,3.05,177908500,[1 1]
20090929,3.1,3.1,2.98,3.0,52142300,[0 0]
20090930,3.04,3.13,3.0,3.05,63294000,[0 0]
20091001,3.1,3.17,2.98,3.05,455062500,[1 0]
20091002,3.07,3.13,3.01,3.1,253534100,[1 1]
20091005,3.15,3.22,3.04,3.15,314444900,[1 1]
20091006,3.23,3.48,3.15,3.31,425223400,[0 1]
20091007,3.39,3.47,3.18,3.18,271509500,[0 0]
20091008,3.24,3.26,3.15,3.15,156624800,[0 0]
20091009,3.15,3.2,3.12,3.15,207717900,[0 1]
20091013,3.17,3.24,3.15,3.21,106913900,[0 1]
20091014,3.22,3.26,3.18,3.2,374393900,[0 0]
20091015,3.23,3.23,3.15,3.16,75578100,[0 0]
20091016,3.15,3.18,3.1,3.15,52548200,[1 0]
20091019,3.2,3.38,3.2,3.29,392709400,[0 0]
20091020,3.2,3.25,3.13,3.18,106981500,[0 1]
20091021,3.24,3.57,3.21,3.25,1532331300,[0 1]
20091022,3.38,3.83,3.28,3.76,2508062000,[1 0]
20091023,3.95,4.09,3.63,3.65,1705485100,[1 1]
20091026,3.72,3.85,3.41,3.5,559454700,[0 0]
20091027,3.53,3.6,3.35,3.4,374307500,[0 0]
20091028,3.36,3.36,3.07,3.1,291670100,[1 0]
20091029,3.21,3.36,3.17,3.35,309483000,[0 0]
20091030,3.35,3.5,3.26,3.38,501165000,[1 1]
20091103,3.35,3.47,3.29,3.37,214600200,[0 1]
20091104,3.45,3.5,3.4,3.44,150734500,[1 0]
20091105,3.45,3.49,3.4,3.43,122273900,[0 0]
20091106,3.47,3.47,3.35,3.44,171847600,[0 1]
20091109,3.5,3.56,3.47,3.48,212455700,[1 0]
20091110,3.49,3.55,3.4,3.4,253833500,[0 0]
20091111,3.49,3.49,3.36,3.41,256766200,[0 0]
20091112,3.45,3.55,3.42,3.42,291064000,[0 1]
20091113,3.47,3.5,3.39,3.4,159362500,[0 1]
20091116,3.48,3.73,3.42,3.68,766639000,[0 1]
20091117,3.73,3.75,3.52,3.53,415421400,[0 0]
20091118,3.55,3.59,3.46,3.46,261046300,[0 1]
20091119,3.48,3.59,3.41,3.49,465100300,[1 1]
20091123,3.53,3.58,3.49,3.51,429290800,[1 1]
20091124,3.55,3.79,3.49,3.74,1052630600,[1 1]
20091125,3.79,3.85,3.7,3.79,476029100,[1 1]
20091126,3.68,3.72,3.64,3.7,136235800,[0 0]
20091127,3.63,3.89,3.53,3.82,337537500,[1 0]
20091130,3.82,3.96,3.82,3.82,413428900,[1 0]
20091201,3.89,4.06,3.86,3.97,661035900,[0 1]
20091202,4.0,4.19,3.92,3.96,682421000,[0 0]
20091203,4.0,4.07,3.86,3.87,405868000,[0 0]
20091204,3.85,4.0,3.75,3.83,348840200,[1 0]
20091207,3.83,3.89,3.8,3.88,81035900,[0 0]
20091208,3.87,3.87,3.81,3.82,93889200,[0 1]
20091209,3.83,3.89,3.75,3.75,205179700,[1 1]
20091210,3.77,3.81,3.69,3.75,140875400,[1 0]
20091211,3.78,3.78,3.52,3.63,302513200,[0 0]
20091214,3.65,3.71,3.62,3.65,126352900,[0 1]
20091215,3.67,3.74,3.64,3.7,84759300,[1 1]
20091216,3.7,3.82,3.66,3.81,199507800,[0 1]
20091217,3.8,3.8,3.7,3.77,156351900,[0 1]
20091218,3.76,3.76,3.6,3.7,145785600,[0 0]
20091221,3.78,3.79,3.65,3.67,150038600,[1 0]
20091222,3.7,3.71,3.65,3.71,110290700,[1 0]
20091223,3.7,3.77,3.65,3.76,111348500,[1 0]
20091228,3.79,3.84,3.7,3.71,65036500,[0 1]
20091229,3.72,3.75,3.68,3.68,79882500,[0 0]
20091230,3.68,3.76,3.64,3.75,67956200,[0 1]
20100104,3.7,3.74,3.67,3.68,79605600,[1 1]
20100105,3.7,3.7,3.65,3.66,80558400,[1 0]
20100106,3.66,3.66,3.54,3.61,148830800,[1 0]
20100107,3.6,3.84,3.56,3.77,226754700,[0 0]
20100108,3.77,3.89,3.71,3.77,257108000,[0 1]
20100111,3.83,3.85,3.71,3.75,142908100,[1 1]
20100112,3.75,4.0,3.69,4.0,308368100,[1 0]
20100113,4.07,4.14,3.84,3.9,305994400,[0 1]
20100114,3.9,3.98,3.81,3.9,111658700,[0 0]
20100115,3.85,3.88,3.75,3.86,82740000,[0 0]
20100118,3.81,3.95,3.81,3.85,99809700,[1 0]
20100119,3.8,3.96,3.79,3.9,154999100,[1 0]
20100120,3.9,4.0,3.8,3.9,130942700,[1 0]
20100121,3.84,3.93,3.71,3.76,139120400,[0 0]
20100122,3.72,3.85,3.66,3.72,122999500,[1 1]
20100126,3.68,3.79,3.65,3.68,87002400,[0 1]
20100127,3.67,3.73,3.56,3.59,145198800,[1 1]
20100128,3.7,3.71,3.56,3.58,129082600,[0 1]
20100129,3.59,3.73,3.58,3.7,169112700,[0 0]
20100201,3.64,3.69,3.64,3.69,19918800,[1 0]
20100202,3.69,3.72,3.64,3.68,130452200,[0 0]
20100203,3.7,3.95,3.65,3.85,170359600,[0 1]
20100204,3.78,3.82,3.58,3.67,220654000,[1 1]
20100205,3.58,3.6,3.45,3.53,122731400,[1 0]
20100208,3.6,3.69,3.57,3.6,93464200,[1 1]
20100209,3.62,3.78,3.62,3.78,156151200,[1 0]
20100210,3.99,3.99,3.8,3.95,937709800,[1 1]
20100211,4.04,4.04,3.89,3.99,735595100,[0 1]
20100212,3.96,4.03,3.85,3.95,401911100,[0 1]
20100217,3.98,4.0,3.85,3.85,208784500,[0 1]
20100218,3.91,3.91,3.8,3.81,116535100,[0 1]
20100219,3.8,3.82,3.72,3.82,96103300,[0 0]
20100222,3.85,3.89,3.71,3.75,231509700,[1 1]
20100223,3.73,3.87,3.72,3.77,146779400,[0 0]
20100224,3.84,3.84,3.75,3.79,117041200,[0 1]
20100225,3.76,3.78,3.66,3.75,91170500,[1 0]
20100226,3.71,3.78,3.68,3.75,45003100,[1 1]
20100301,3.73,3.75,3.63,3.64,135702000,[0 1]
20100302,3.69,3.74,3.57,3.69,186128400,[1 1]
20100303,3.7,3.78,3.67,3.69,622414600,[0 1]
20100304,3.74,3.74,3.62,3.68,288240400,[1 1]
20100305,3.7,3.7,3.63,3.68,257711200,[1 0]
20100308,3.68,3.68,3.6,3.6,214756100,[0 1]
20100309,3.6,3.7,3.59,3.63,359975800,[0 0]
20100310,3.65,3.69,3.6,3.61,133513100,[1 0]
20100311,3.65,3.67,3.59,3.59,74477700,[0 1]
20100312,3.6,3.62,3.53,3.57,111817400,[1 1]
20100315,3.59,3.62,3.54,3.56,44535200,[0 0]
20100316,3.6,3.66,3.54,3.59,93512300,[0 0]
20100317,3.63,3.63,3.47,3.5,192730100,[1 0]
20100318,3.59,3.59,3.48,3.51,351431300,[1 0]
20100319,3.5,3.53,3.37,3.48,79201500,[1 0]
20100322,3.5,3.5,3.45,3.48,35277600,[0 1]
20100323,3.49,3.49,3.45,3.47,119990300,[0 0]
20100324,3.48,3.48,3.4,3.4,173499600,[1 0]
20100325,3.4,3.42,3.33,3.35,129205000,[0 0]
20100326,3.38,3.4,3.28,3.31,79746000,[0 1]
20100329,3.29,3.43,3.29,3.39,57926000,[1 0]
20100330,3.36,3.44,3.31,3.32,53793500,[1 0]
20100331,3.27,3.37,3.26,3.27,59276400,[0 0]
20100401,3.3,3.41,3.28,3.31,90635600,[0 0]
20100405,3.33,3.37,3.26,3.3,36555500,[0 1]
20100406,3.25,3.3,3.16,3.26,133869200,[0 0]
20100407,3.32,3.32,3.16,3.16,110984400,[0 0]
20100408,3.15,3.15,3.02,3.1,181025500,[0 1]
20100409,3.16,3.22,3.04,3.16,149192500,[0 1]
20100412,3.2,3.2,3.08,3.1,32218500,[0 1]
20100413,3.15,3.15,3.08,3.11,255961800,[1 0]
20100414,3.13,3.19,3.08,3.08,117044900,[0 1]
20100415,3.13,3.14,3.05,3.1,234031300,[0 0]
20100416,3.1,3.18,3.07,3.18,54586300,[1 1]
20100419,3.17,3.17,3.1,3.13,17074900,[0 1]
20100420,3.11,3.17,3.09,3.17,69660200,[0 0]
20100422,3.11,3.16,3.1,3.1,36352400,[0 1]
20100423,3.1,3.13,3.07,3.1,205073700,[0 1]
20100426,3.08,3.08,3.06,3.06,30933400,[1 0]
20100427,3.05,3.07,3.02,3.06,305153700,[1 0]
20100428,3.04,3.09,3.02,3.05,77403200,[1 0]
20100429,3.05,3.08,3.02,3.08,9277800,[0 1]
20100430,3.05,3.1,3.05,3.05,71934400,[1 1]
20100503,3.04,3.09,3.04,3.09,35929900,[0 1]
20100504,3.06,3.06,3.03,3.05,135467700,[1 0]
20100505,3.0,3.05,3.0,3.0,194415300,[1 0]
20100506,3.02,3.04,2.96,2.96,94560400,[0 0]
20100507,2.96,2.99,2.9,2.92,96193000,[0 1]
20100510,2.99,3.02,2.95,3.02,37731000,[0 1]
20100511,2.97,3.02,2.97,3.0,17124000,[0 0]
20100512,3.0,3.15,2.99,3.14,47576600,[0 0]
20100513,3.17,3.17,3.08,3.08,31592500,[1 0]
20100514,3.09,3.09,2.99,3.09,91122700,[0 0]
20100517,3.09,3.27,3.04,3.1,255532400,[0 1]
20100518,3.15,3.15,2.98,3.0,132798700,[0 0]
20100519,2.97,2.99,2.93,2.95,160905000,[1 1]
20100520,2.88,2.88,2.8,2.83,915708300,[0 0]
20100521,2.79,2.95,2.79,2.94,23241500,[1 0]
20100524,2.93,2.96,2.93,2.95,32295700,[0 0]
20100525,3.0,3.0,2.86,2.9,25144100,[1 0]
20100526,2.91,2.97,2.91,2.94,19812000,[0 1]
20100527,3.0,3.0,2.95,2.98,32430500,[0 1]
20100528,3.02,3.02,2.95,3.0,28669900,[0 0]
20100531,3.0,3.09,2.95,3.09,27154600,[0 1]
20100601,3.0,3.06,3.0,3.0,13170700,[0 1]
20100602,3.09,3.09,3.0,3.02,399390300,[1 0]
20100604,3.01,3.02,2.99,3.01,38985900,[0 0]
20100607,2.99,3.04,2.99,3.03,441704400,[0 0]
20100608,3.03,3.03,3.0,3.0,594871300,[1 0]
20100609,3.05,3.08,2.97,2.97,405631400,[1 0]
20100610,3.04,3.09,3.0,3.09,49548800,[1 1]
20100611,3.09,3.25,3.09,3.25,105134400,[0 0]
20100614,3.25,3.4,3.25,3.25,133405700,[1 0]
20100615,3.29,3.29,3.21,3.22,48774200,[0 1]
20100616,3.27,3.39,3.23,3.38,141124100,[1 0]
20100617,3.35,3.59,3.27,3.44,70915900,[1 0]
20100618,3.45,3.45,3.33,3.4,54009500,[1 0]
20100621,3.43,3.48,3.4,3.45,42697700,[1 0]
20100622,3.47,3.47,3.36,3.43,37502000,[1 1]
20100623,3.43,3.51,3.38,3.45,46958700,[0 0]
20100624,3.39,3.4,3.36,3.37,51986100,[0 1]
20100625,3.35,3.42,3.35,3.41,15234900,[0 1]
20100628,3.35,3.4,3.35,3.4,3069300,[1 0]
20100629,3.35,3.35,3.26,3.35,155763600,[1 0]
20100630,3.37,3.37,3.21,3.3,53363400,[0 0]
20100701,3.3,3.35,3.23,3.35,30352300,[1 1]
20100702,3.3,3.44,3.3,3.44,10487000,[0 1]
20100705,3.4,3.4,3.35,3.38,12101500,[0 1]
20100706,3.39,3.45,3.32,3.32,40139500,[1 1]
20100707,3.3,3.35,3.3,3.35,28059300,[0 0]
20100708,3.38,3.44,3.31,3.35,77734200,[0 1]
20100712,3.31,3.39,3.31,3.33,133647000,[1 0]
20100713,3.31,3.4,3.3,3.35,50249100,[1 0]
20100714,3.3,3.33,3.3,3.3,70335800,[0 1]
20100715,3.34,3.4,3.3,3.37,56748800,[1 1]
20100716,3.38,3.46,3.31,3.43,41917900,[1 0]
20100719,3.49,3.51,3.43,3.49,35730500,[1 0]
20100720,3.51,3.55,3.45,3.55,256236700,[0 1]
20100721,3.53,3.59,3.52,3.54,460370500,[0 1]
20100722,3.59,3.74,3.55,3.58,366271400,[0 0]
20100723,3.6,3.95,3.55,3.88,658324500,[1 1]
20100726,3.86,3.95,3.78,3.91,63165200,[0 0]
20100727,3.95,3.98,3.81,3.89,118694300,[1 1]
20100728,3.89,3.95,3.7,3.84,329222500,[0 0]
20100729,3.92,3.92,3.72,3.84,356772200,[1 0]
20100730,3.85,3.85,3.7,3.81,54259300,[1 1]
20100802,3.82,3.85,3.73,3.78,104183200,[0 1]
20100803,3.8,3.8,3.65,3.77,65821300,[0 1]
20100804,3.78,3.78,3.68,3.71,227209400,[0 0]
20100805,3.78,3.83,3.63,3.77,1252925300,[1 0]
20100806,3.8,3.83,3.71,3.75,78933400,[1 0]
20100809,3.79,3.84,3.74,3.76,83708700,[1 1]
20100810,3.79,3.79,3.69,3.76,128455600,[0 1]
20100811,3.73,3.77,3.68,3.75,244394100,[1 1]
20100812,3.7,3.8,3.7,3.8,75790600,[0 1]
20100813,3.8,3.92,3.8,3.85,203956500,[0 0]
20100816,3.85,3.85,3.7,3.75,457550600,[1 0]
20100817,3.75,4.04,3.75,3.97,212725300,[1 0]
20100818,4.0,4.0,3.9,3.95,151823600,[0 1]
20100819,3.9,3.99,3.8,3.8,221893600,[0 1]
20100820,3.8,3.85,3.79,3.84,31158100,[1 1]
20100823,3.88,3.88,3.8,3.8,50985000,[0 0]
20100824,3.81,3.82,3.78,3.8,59604200,[1 0]
20100825,3.8,3.85,3.78,3.85,53986600,[1 1]
20100826,3.85,3.98,3.85,3.87,133304500,[0 0]
20100827,3.9,3.97,3.86,3.94,176267100,[1 0]
20100830,3.94,3.94,3.85,3.94,17549700,[1 1]
20100831,3.9,4.03,3.9,4.0,881144800,[0 1]
20100901,4.0,4.1,4.0,4.1,216721800,[0 0]
20100902,4.05,4.28,4.0,4.23,247983800,[0 1]
20100903,4.23,4.28,4.09,4.15,134996500,[1 0]
20100906,4.15,4.32,4.14,4.2,110311700,[1 0]
20100908,4.25,4.3,4.13,4.15,129357800,[1 1]
20100909,4.23,4.25,4.15,4.25,130278600,[0 0]
20100910,4.24,4.25,4.2,4.24,20632900,[0 1]
20100913,4.16,4.25,4.12,4.23,297107500,[0 1]
20100914,4.25,4.35,4.21,4.29,148822000,[0 0]
20100915,4.3,4.42,4.29,4.32,156931700,[1 0]
20100916,4.39,4.39,4.3,4.32,30172300,[0 0]
20100917,4.35,4.4,4.35,4.4,199053400,[0 1]
20100920,4.41,4.46,4.35,4.39,331477800,[0 1]
20100921,4.46,4.54,4.39,4.5,202273400,[0 1]
20100922,4.52,4.79,4.5,4.75,352990800,[0 0]
20100923,4.74,4.87,4.66,4.8,165503400,[1 0]
20100924,4.84,5.05,4.72,5.0,590298400,[1 0]
20100927,5.0,5.2,5.0,5.14,197550500,[0 1]
20100928,5.14,5.25,5.06,5.11,114899200,[1 0]
20100929,5.08,5.2,5.08,5.11,21263800,[0 1]
20100930,5.14,5.14,5.07,5.09,74792000,[0 0]
20101001,5.1,5.38,5.07,5.3,201633900,[1 1]
20101004,5.39,5.39,5.3,5.33,210807200,[1 1]
20101005,5.35,5.38,5.24,5.38,241683100,[1 0]
20101006,5.35,5.37,5.25,5.32,28827300,[1 0]
20101007,5.39,5.4,5.27,5.4,578242100,[0 0]
20101008,5.32,5.39,5.27,5.3,172548400,[0 0]
20101011,5.3,5.35,5.3,5.35,44034900,[1 0]
20101013,5.34,5.49,5.31,5.49,263483000,[1 0]
20101014,5.5,5.5,5.44,5.5,74988100,[1 0]
20101015,5.55,5.6,4.99,5.52,812015900,[1 1]
20101018,5.58,5.6,5.42,5.5,91157300,[0 1]
20101019,5.55,5.63,5.4,5.6,281015600,[1 0]
20101020,5.51,5.72,5.5,5.7,486356600,[0 0]
20101021,5.7,5.8,5.62,5.75,369332300,[1 0]
20101022,5.75,5.75,5.6,5.7,94536300,[1 0]
20101025,5.7,5.85,5.6,5.75,261647200,[0 1]
20101026,5.8,5.8,5.7,5.76,36323700,[0 0]
20101027,5.8,5.8,5.7,5.75,161642300,[1 0]
20101028,5.76,5.76,5.69,5.72,229304500,[0 0]
20101029,5.73,5.76,5.73,5.75,372913300,[1 0]
20101101,5.69,5.77,5.69,5.76,71480500,[1 0]
20101103,5.75,5.79,5.63,5.74,153880000,[0 0]
20101104,5.74,5.85,5.68,5.8,81603700,[0 0]
20101105,5.85,5.85,5.75,5.79,46593700,[0 0]
20101108,5.79,5.8,5.71,5.71,21579600,[1 1]
20101109,5.8,5.8,5.55,5.66,143506000,[0 0]
20101110,5.56,5.7,5.56,5.6,49287100,[1 1]
20101111,5.7,5.7,5.5,5.59,67369100,[1 0]
20101112,5.45,5.59,5.45,5.55,28485000,[1 0]
20101116,5.54,5.54,5.32,5.43,96328400,[0 0]
20101117,5.4,5.5,5.32,5.4,151809700,[0 0]
20101118,5.4,5.5,5.4,5.48,88130400,[0 0]
20101119,5.45,5.6,5.4,5.6,49793800,[1 1]
20101122,5.6,5.6,5.45,5.5,501328900,[1 1]
20101123,5.5,5.5,5.35,5.39,30443400,[1 0]
20101124,5.45,5.5,5.29,5.36,103340100,[0 0]
20101125,5.49,5.49,5.36,5.4,21249800,[1 0]
20101126,5.25,5.4,4.9,4.95,858653400,[1 1]
20101129,5.0,5.1,4.84,5.0,113076200,[1 0]
20101130,4.94,5.49,4.94,5.49,311125300,[0 0]
20101201,5.46,5.47,5.25,5.4,315429700,[1 0]
20101202,5.4,5.5,5.3,5.4,432143600,[1 0]
20101203,5.4,5.51,5.4,5.45,129752700,[1 1]
20101206,5.45,5.48,5.34,5.48,350514000,[1 0]
20101207,5.48,5.5,5.3,5.4,60769600,[1 1]
20101208,5.35,5.4,5.35,5.4,10835000,[1 1]
20101209,5.33,5.4,5.24,5.34,99072700,[0 0]
20101210,5.34,5.34,5.15,5.3,31519600,[0 0]
20101213,5.35,5.35,5.2,5.25,28217500,[1 1]
20101214,5.24,5.24,5.13,5.14,36012900,[1 1]
20101215,5.1,5.2,4.9,5.0,209844600,[1 0]
20101216,5.0,5.05,4.73,4.84,224428800,[1 0]
20101217,4.79,4.89,4.76,4.8,115454500,[0 1]
20101220,4.9,4.9,4.73,4.81,39113800,[0 0]
20101221,4.8,4.99,4.72,4.95,231961200,[0 1]
20101222,4.97,5.0,4.85,4.99,20213800,[1 0]
20101223,5.02,5.02,4.99,5.02,5668600,[0 0]
20101227,5.0,5.02,4.99,4.99,12261900,[1 0]
20101228,4.99,4.99,4.94,4.99,8668500,[0 1]
20101229,5.02,5.2,4.95,5.16,90202700,[0 0]
20101230,5.16,5.25,5.13,5.13,190173800,[0 1]
20110103,5.25,5.25,5.1,5.15,17488600,[1 1]
20110104,5.1,5.24,5.08,5.19,53096800,[1 0]
20110105,5.19,5.2,5.1,5.18,66623100,[0 0]
20110106,5.18,5.18,4.99,4.99,68018200,[0 1]
20110107,5.0,5.14,4.98,5.0,116323800,[0 1]
20110110,4.96,5.04,4.87,4.92,376716900,[1 0]
20110111,4.93,4.93,4.55,4.59,1062794500,[0 1]
20110112,4.62,4.69,4.4,4.41,237125000,[0 1]
20110113,4.43,4.5,4.26,4.5,372105500,[0 0]
20110114,4.54,4.6,4.37,4.5,588073500,[1 0]
20110117,4.5,4.57,4.48,4.52,38426400,[0 1]
20110118,4.6,4.6,4.43,4.47,148286000,[1 0]
20110119,4.47,4.47,4.24,4.26,2739362400,[0 1]
20110120,4.2,4.34,4.18,4.31,144788700,[0 0]
20110121,4.3,4.4,4.3,4.33,90854000,[1 1]
20110124,4.35,4.43,4.35,4.4,70090400,[0 1]
20110126,4.43,4.44,4.26,4.31,65633600,[1 0]
20110127,4.26,4.4,4.2,4.37,50722200,[1 1]
20110128,4.36,4.36,4.15,4.25,350050800,[0 0]
20110131,4.22,4.3,4.21,4.24,101026700,[1 0]
20110201,4.24,4.24,4.18,4.24,54679300,[0 0]
20110202,4.24,4.3,4.15,4.2,56907900,[1 0]
20110203,4.16,4.22,4.0,4.0,216872400,[0 1]
20110204,4.0,4.18,3.9,4.14,394042600,[1 1]
20110207,4.08,4.16,4.04,4.1,32981000,[1 1]
20110208,4.15,4.2,4.05,4.08,9203000,[0 1]
20110209,4.15,4.15,4.0,4.14,51764400,[1 0]
20110210,4.13,4.13,3.97,3.98,44088900,[0 1]
20110211,4.0,4.18,3.98,4.18,84251400,[0 0]
20110214,4.15,4.2,4.0,4.0,140409700,[1 0]
20110215,4.01,4.05,3.92,3.99,191099000,[0 0]
20110216,3.99,4.08,3.97,4.0,30657700,[1 0]
20110217,4.04,4.17,4.04,4.15,182556900,[1 1]
20110218,4.15,4.28,4.15,4.2,68532400,[1 1]
20110221,4.2,4.29,4.12,4.2,22194300,[1 1]
20110222,4.11,4.2,4.05,4.14,53770500,[0 0]
20110223,4.15,4.15,4.1,4.14,15579100,[1 0]
20110224,4.15,4.2,4.05,4.05,34014100,[0 0]
20110225,4.15,4.2,4.05,4.12,17380000,[1 0]
20110228,4.12,4.18,4.06,4.15,74959200,[0 0]
20110301,4.13,4.15,4.0,4.11,40012800,[1 0]
20110302,4.09,4.15,4.04,4.12,26638700,[0 0]
20110303,4.15,4.15,4.05,4.12,14916900,[1 0]
20110304,4.1,4.13,4.1,4.12,8149600,[1 0]
20110309,4.07,4.11,4.03,4.1,23208100,[0 0]
20110310,4.02,4.06,3.94,3.99,101203600,[0 0]
20110311,4.0,4.0,3.89,3.91,152423800,[1 1]
20110314,4.0,4.08,3.8,3.81,276451700,[1 0]
20110315,3.75,3.9,3.75,3.9,218473800,[1 0]
20110316,3.99,3.99,3.75,3.84,143572400,[0 1]
20110317,3.76,3.85,3.75,3.83,65451200,[1 1]
20110318,3.86,3.94,3.77,3.82,53246200,[1 1]
20110321,3.81,3.88,3.78,3.8,61062200,[0 0]
20110322,3.9,4.0,3.77,3.8,68253900,[0 0]
20110323,3.8,3.85,3.77,3.8,87902200,[1 1]
20110324,3.79,3.88,3.76,3.81,32542400,[0 1]
20110325,3.81,3.84,3.77,3.82,27923800,[1 1]
20110328,3.79,3.85,3.79,3.84,759100,[0 1]
20110329,3.85,3.85,3.8,3.8,18994700,[0 0]
20110330,3.84,3.97,3.8,3.92,160089800,[1 0]
20110331,3.94,3.94,3.87,3.91,31227700,[1 0]
20110401,3.97,3.97,3.89,3.93,28430900,[1 0]
20110404,3.9,4.03,3.9,3.99,125274200,[0 0]
20110405,3.98,4.03,3.98,4.0,42206600,[1 0]
20110406,4.01,4.05,3.99,4.04,11122000,[0 0]
20110407,4.05,4.07,3.87,3.87,102731700,[1 0]
20110408,3.98,3.98,3.82,3.9,41993900,[1 1]
20110411,3.85,3.94,3.85,3.94,1008400,[1 0]
20110412,3.98,3.98,3.86,3.92,8845200,[0 0]
20110413,3.9,3.95,3.86,3.89,62375900,[0 1]
20110414,3.9,3.9,3.85,3.9,11740200,[0 0]
20110415,3.91,3.95,3.86,3.95,11952900,[1 0]
20110418,3.96,3.96,3.87,3.91,25903700,[0 0]
20110419,3.98,3.98,3.78,3.8,84216400,[0 0]
20110420,3.8,3.85,3.75,3.79,57592300,[1 0]
20110425,3.89,3.91,3.81,3.9,56191900,[0 1]
20110426,3.89,4.06,3.88,4.05,192879800,[0 0]
20110427,4.05,4.18,4.05,4.1,134459900,[0 0]
20110428,4.17,4.17,3.97,4.08,60072000,[1 0]
20110429,4.13,4.18,4.02,4.12,96449600,[1 0]
20110502,4.17,4.2,4.09,4.18,75076800,[1 0]
20110503,4.2,4.2,4.06,4.1,13366300,[1 0]
20110504,4.03,4.15,4.03,4.1,57203300,[0 1]
20110505,4.01,4.1,4.01,4.03,72813100,[1 0]
20110506,4.05,4.1,3.96,3.96,70411100,[1 0]
20110509,4.0,4.02,3.97,4.0,30757100,[0 0]
20110510,4.0,4.05,3.98,4.01,11030800,[0 0]
20110511,4.05,4.12,4.03,4.05,23770200,[0 0]
20110512,4.0,4.1,3.99,4.09,12940900,[1 1]
20110513,4.1,4.1,3.97,4.08,14331100,[0 1]
20110516,3.96,4.08,3.87,3.98,74998800,[1 0]
20110517,4.04,4.04,3.85,3.98,10074700,[1 0]
20110518,4.04,4.04,3.85,3.9,124802100,[0 0]
20110519,3.92,3.92,3.86,3.92,24616900,[0 1]
20110520,3.98,4.01,3.85,3.85,42408000,[0 0]
20110523,3.85,4.05,3.75,4.0,486672700,[0 0]
20110524,4.0,4.05,3.93,4.02,21182600,[0 0]
20110525,3.94,4.08,3.94,4.06,12867900,[0 0]
20110526,4.06,4.08,3.97,4.07,51049400,[0 0]
20110527,4.03,4.04,3.97,4.03,8414600,[1 0]
20110530,4.08,4.08,3.98,4.05,3032800,[0 0]
20110531,4.08,4.08,3.95,4.02,65313700,[0 0]
20110601,4.07,4.07,3.95,4.02,124205400,[0 0]
20110602,4.0,4.04,4.0,4.02,12055100,[0 0]
20110603,4.08,4.08,3.89,3.9,178615500,[0 0]
20110606,3.95,3.95,3.73,3.9,53601900,[0 1]
20110607,3.9,4.02,3.9,4.0,44291100,[0 0]
20110608,4.0,4.0,3.9,3.96,22862000,[0 0]
20110609,3.97,4.0,3.97,4.0,4532700,[0 0]
20110610,3.96,4.0,3.94,3.96,14416900,[0 0]
20110613,4.04,4.04,3.9,3.95,70481900,[0 0]
20110614,3.87,3.98,3.87,3.94,16546400,[1 0]
20110615,3.94,3.94,3.84,3.88,47239200,[0 0]
20110616,3.83,3.9,3.83,3.9,6863600,[0 1]
20110617,3.9,3.96,3.79,3.8,75733000,[0 0]
20110620,3.8,3.94,3.73,3.79,66566200,[1 0]
20110621,3.89,3.89,3.71,3.78,97066500,[0 1]
20110622,3.8,3.8,3.65,3.7,87758300,[1 0]
20110624,3.7,3.86,3.65,3.86,35492700,[1 0]
20110627,3.81,3.81,3.65,3.76,209114300,[1 1]
20110628,3.72,3.86,3.65,3.78,406683000,[1 0]
20110629,3.8,3.8,3.7,3.8,13005200,[0 0]
20110630,3.71,3.79,3.65,3.75,83867900,[0 1]
20110701,3.78,3.78,3.67,3.78,19024100,[0 1]
20110704,3.78,3.79,3.71,3.79,11149400,[0 0]
20110705,3.71,3.77,3.69,3.76,270997500,[0 0]
20110706,3.78,3.78,3.7,3.74,41903200,[0 0]
20110707,3.74,3.95,3.66,3.74,135894400,[0 1]
20110708,3.69,3.74,3.66,3.73,10204600,[1 1]
20110711,3.7,3.94,3.68,3.94,15409100,[0 0]
20110712,3.78,3.98,3.78,3.94,21886600,[1 0]
20110713,3.94,3.94,3.84,3.84,54586400,[0 0]
20110714,3.76,3.84,3.55,3.6,252808800,[1 0]
20110715,3.65,3.84,3.6,3.79,30721200,[0 0]
20110718,3.7,3.84,3.63,3.8,16991300,[1 0]
20110719,3.8,3.87,3.55,3.59,156645100,[0 0]
20110720,3.66,3.66,3.55,3.6,12142900,[0 1]
20110721,3.56,3.7,3.53,3.67,183228700,[1 1]
20110722,3.7,3.78,3.54,3.65,44943100,[0 0]
20110725,3.66,3.67,3.6,3.64,7796000,[1 0]
20110726,3.64,3.68,3.6,3.63,81221400,[0 0]
20110727,3.58,3.62,3.55,3.62,29904900,[1 0]
20110728,3.65,3.77,3.56,3.77,87699400,[0 1]
20110729,3.76,3.8,3.67,3.8,58375200,[0 1]
20110801,3.75,3.79,3.68,3.74,51766600,[1 0]
20110802,3.79,3.79,3.62,3.67,12406200,[0 1]
20110803,3.69,3.78,3.5,3.6,61262700,[0 0]
20110804,3.67,3.67,3.3,3.45,115817900,[1 0]
20110805,3.53,3.53,3.32,3.4,28966700,[1 0]
20110808,3.4,3.4,2.9,3.01,754535700,[1 0]
20110809,3.06,3.23,2.86,3.13,80362000,[0 1]
20110810,3.2,3.2,3.04,3.09,40331500,[1 0]
20110811,3.18,3.35,3.06,3.15,42549800,[0 1]
20110812,3.18,3.22,3.05,3.11,36084300,[1 0]
20110815,3.17,3.32,3.12,3.2,111737700,[1 0]
20110816,3.2,3.2,3.07,3.12,77329900,[1 1]
20110817,3.09,3.12,3.04,3.09,46686700,[1 0]
20110818,3.02,3.1,3.0,3.05,72345000,[0 0]
20110819,3.12,3.14,3.03,3.14,20560000,[1 0]
20110822,3.14,3.2,3.14,3.19,12438700,[1 1]
20110823,3.19,3.32,3.15,3.2,116952700,[0 1]
20110824,3.2,3.35,3.12,3.35,315140600,[0 0]
20110825,3.35,3.4,3.18,3.38,26613500,[1 0]
20110826,3.4,3.45,3.3,3.44,37672200,[1 0]
20110829,3.55,3.55,3.38,3.5,18689400,[0 1]
20110830,3.5,3.56,3.4,3.54,97952200,[1 1]
20110831,3.56,3.8,3.49,3.8,81680800,[0 0]
20110901,3.8,3.8,3.67,3.79,61195700,[0 0]
20110902,3.8,3.8,3.62,3.62,109838700,[0 0]
20110905,3.67,3.75,3.55,3.67,92623300,[0 0]
20110906,3.7,3.7,3.54,3.66,13976200,[1 1]
20110908,3.67,3.68,3.56,3.67,74424000,[1 0]
20110909,3.67,3.68,3.54,3.63,32591100,[1 0]
20110912,3.54,3.68,3.54,3.62,4481300,[1 1]
20110913,3.67,3.7,3.6,3.7,24717400,[1 0]
20110914,3.7,3.7,3.6,3.67,45908600,[1 0]
20110915,3.67,3.75,3.57,3.64,65100300,[0 0]
20110916,3.68,3.68,3.61,3.64,6212900,[0 1]
20110919,3.68,3.68,3.59,3.6,553573500,[0 1]
20110920,3.7,3.74,3.59,3.62,7969000,[0 0]
20110921,3.69,3.72,3.57,3.57,140994200,[0 1]
20110922,3.53,3.62,3.34,3.5,347600900,[1 0]
20110923,3.5,3.5,3.41,3.5,4629200,[0 1]
20110926,3.5,3.5,3.37,3.37,20527900,[0 1]
20110927,3.47,3.5,3.32,3.38,25148600,[0 0]
20110928,3.4,3.4,3.27,3.39,25360100,[0 0]
20110929,3.4,3.49,3.36,3.47,2479100,[1 0]
20110930,3.47,3.5,3.41,3.5,18991000,[1 0]
20111003,3.5,3.57,3.28,3.37,56122100,[1 1]
20111004,3.3,3.4,3.19,3.3,10276200,[0 0]
20111005,3.41,3.41,3.1,3.1,615225400,[0 1]
20111006,3.12,3.24,3.08,3.1,5752800,[0 0]
20111007,3.15,3.25,3.13,3.25,6449600,[0 0]
20111010,3.3,3.3,3.2,3.29,2770400,[0 0]
20111011,3.31,3.39,3.31,3.38,23146000,[0 0]
20111013,3.4,3.5,3.2,3.2,63545700,[0 1]
20111014,3.29,3.38,3.13,3.25,17197000,[0 1]
20111017,3.16,3.3,3.15,3.24,4912500,[0 1]
20111018,3.3,3.3,3.16,3.25,16497100,[1 1]
20111019,3.17,3.22,3.17,3.22,385600,[0 0]
20111020,3.17,3.2,3.12,3.2,30446700,[0 0]
20111021,3.24,3.25,3.17,3.25,4764500,[0 0]
20111024,3.25,3.29,3.14,3.14,16430100,[1 0]
20111025,3.17,3.21,3.11,3.2,5175300,[0 0]
20111026,3.28,3.28,3.09,3.09,16884100,[0 0]
20111027,3.18,3.24,3.08,3.14,17202100,[1 0]
20111028,3.11,3.12,3.04,3.07,14667400,[0 1]
20111031,3.07,3.14,3.03,3.03,52023900,[0 1]
20111101,3.03,3.18,3.03,3.18,5933600,[0 0]
20111103,3.23,3.29,3.15,3.18,7123000,[1 0]
20111104,3.1,3.24,3.05,3.05,1258381800,[1 0]
20111107,3.16,3.16,3.04,3.04,1009444800,[1 0]
20111108,3.1,3.12,3.03,3.1,36672100,[0 1]
20111109,3.14,3.24,3.1,3.15,7545400,[0 0]
20111110,3.15,3.46,3.15,3.4,22800500,[0 1]
20111111,3.4,3.6,3.4,3.59,31811500,[1 0]
20111114,3.6,3.7,3.49,3.58,6416500,[0 0]
20111116,3.55,3.67,3.45,3.6,12240600,[0 0]
20111117,3.5,3.59,3.4,3.59,12518900,[1 0]
20111118,3.53,3.6,3.47,3.54,16688600,[0 0]
20111121,3.49,3.54,3.44,3.54,1119200,[1 0]
20111122,3.56,3.64,3.44,3.46,110231600,[0 0]
20111123,3.46,3.5,3.4,3.5,22431900,[0 1]
20111124,3.5,3.55,3.45,3.54,1527500,[1 0]
20111125,3.55,3.65,3.55,3.59,17283000,[0 0]
20111128,3.65,3.65,3.51,3.6,15914500,[0 0]
20111129,3.5,3.65,3.47,3.6,118925300,[0 0]
20111130,3.76,3.77,3.54,3.6,41849800,[0 0]
20111201,3.55,3.76,3.53,3.76,17175000,[0 1]
20111202,3.65,3.74,3.57,3.74,31951700,[0 0]
20111205,3.73,3.73,3.64,3.73,9178600,[0 1]
20111206,3.72,3.72,3.72,3.72,372000,[0 0]
20111207,3.75,3.75,3.65,3.69,12137000,[0 0]
20111208,3.7,3.75,3.61,3.75,8476800,[1 0]
20111209,3.66,3.69,3.61,3.69,37813900,[1 1]
20111212,3.78,3.8,3.65,3.8,14784000,[0 0]
20111213,3.7,3.85,3.7,3.78,13221000,[0 0]
20111214,3.78,3.95,3.77,3.93,6987500,[0 0]
20111215,3.95,3.95,3.83,3.88,11548000,[1 0]
20111216,3.83,3.85,3.79,3.85,21209000,[1 0]
20111219,3.85,3.95,3.8,3.8,14191000,[0 0]
20111220,3.8,3.88,3.72,3.84,19207300,[0 0]
20111221,3.74,3.9,3.74,3.85,13868100,[1 1]
20111222,3.86,3.86,3.75,3.85,9521300,[1 0]
20111223,3.75,3.93,3.75,3.9,87188600,[0 0]
20111226,3.81,3.99,3.79,3.99,16879300,[1 1]
20111227,3.98,4.15,3.98,4.15,15471700,[0 0]
20111228,4.05,4.1,3.92,4.1,42389300,[1 0]
20111229,4.0,4.15,3.96,4.15,115560500,[0 1]
20120102,4.15,4.24,4.0,4.03,18481900,[0 0]
20120103,4.0,4.0,3.86,4.0,40165200,[0 0]
20120104,4.1,4.1,3.93,4.08,22588200,[0 0]
20120105,3.96,4.05,3.96,4.02,10747500,[1 1]
20120106,4.0,4.02,3.9,3.9,17208700,[1 1]
20120109,3.86,3.86,3.75,3.75,90274100,[0 0]
20120110,3.75,3.8,3.55,3.74,52482200,[1 0]
20120111,3.74,3.81,3.7,3.81,10063900,[1 0]
20120112,3.8,3.85,3.7,3.85,33120700,[1 1]
20120113,3.85,3.88,3.76,3.87,15949700,[0 1]
20120116,3.87,4.01,3.84,3.97,17166000,[0 1]
20120117,3.85,4.15,3.85,3.92,35322400,[0 1]
20120118,3.92,4.0,3.92,3.99,10018200,[1 1]
20120119,4.0,4.25,4.0,4.18,50822800,[1 0]
20120120,4.16,4.25,4.09,4.25,40605900,[1 0]
20120123,4.13,4.18,4.01,4.09,50375400,[1 1]
20120124,4.18,4.18,4.05,4.18,30547300,[0 0]
20120126,4.18,4.2,4.11,4.2,31647200,[1 0]
20120127,4.13,4.19,4.12,4.19,14821300,[0 0]
20120130,4.2,4.25,4.2,4.25,26325500,[0 0]
20120131,4.2,4.35,4.2,4.2,43538200,[0 0]
20120201,4.17,4.35,4.15,4.35,35884100,[0 1]
20120202,4.22,4.44,4.22,4.3,152158700,[1 0]
20120203,4.39,4.39,4.25,4.32,23511500,[0 1]
20120206,4.21,4.3,4.21,4.3,16618000,[1 1]
20120207,4.3,4.35,4.25,4.35,37575900,[1 1]
20120208,4.26,4.43,4.2,4.2,50382500,[1 1]
20120209,4.2,4.2,4.0,4.0,264456200,[0 1]
20120210,4.1,4.1,3.93,4.07,221268700,[1 1]
20120213,4.17,4.17,4.05,4.15,618700,[1 1]
20120214,4.14,4.14,4.14,4.14,82800,[1 1]
20120215,4.16,4.16,3.95,4.13,37855400,[1 1]
20120216,4.01,4.07,3.99,3.99,26053900,[1 1]
20120217,4.0,4.15,3.99,4.15,11782100,[0 0]
20120222,4.16,4.4,4.15,4.34,16283900,[0 0]
20120223,4.21,4.24,4.12,4.17,13697100,[1 1]
20120224,4.17,4.2,4.13,4.2,15158300,[0 1]
20120227,4.2,4.3,4.08,4.3,31593900,[1 0]
20120228,4.27,4.3,4.11,4.25,105019300,[0 1]
20120229,4.29,4.5,4.25,4.5,394346100,[0 1]
20120301,4.5,4.93,4.5,4.74,63383800,[1 1]
20120302,4.7,4.9,4.7,4.9,105758600,[1 0]
20120305,4.94,4.94,4.7,4.75,21119800,[0 0]
20120306,4.85,4.85,4.66,4.85,58572200,[0 1]
20120307,4.75,4.99,4.75,4.88,33719200,[0 0]
20120308,4.94,5.0,4.85,5.0,121421200,[1 0]
20120309,5.0,5.15,5.0,5.14,40255900,[0 0]
20120312,5.05,5.12,5.05,5.1,11302600,[1 1]
20120313,5.12,5.12,5.05,5.08,19122700,[1 1]
20120314,4.96,5.15,4.96,5.15,21238100,[1 0]
20120315,5.09,5.15,5.05,5.07,50065900,[1 0]
20120316,5.0,5.03,4.86,4.86,65023200,[0 0]
20120319,5.08,5.12,4.83,5.09,11346400,[0 0]
20120320,5.0,5.14,5.0,5.03,49696200,[1 0]
20120321,5.0,5.07,4.9,4.95,8081800,[1 0]
20120322,4.9,5.0,4.9,5.0,1939200,[0 0]
20120323,5.0,5.08,5.0,5.03,2459800,[0 0]
20120326,5.01,5.08,4.94,5.07,43318700,[0 1]
20120327,5.08,5.15,4.97,5.0,34525100,[1 1]
20120328,5.0,5.0,5.0,5.0,2750000,[1 1]
20120329,4.94,4.98,4.89,4.89,9924500,[1 1]
20120330,5.0,5.0,4.8,4.8,16481000,[0 1]
20120402,4.8,4.97,4.8,4.9,4597400,[0 1]
20120403,4.99,5.0,4.75,4.75,36577700,[0 1]
20120404,4.86,4.86,4.84,4.84,4840200,[0 1]
20120405,4.79,4.86,4.78,4.84,10429200,[1 1]
20120409,4.84,4.88,4.84,4.88,2614400,[0 1]
20120410,4.78,4.9,4.78,4.79,28410900,[1 1]
20120411,4.73,4.84,4.68,4.78,28785400,[0 1]
20120412,4.85,4.85,4.6,4.8,25135600,[0 1]
20120413,4.68,4.7,4.68,4.7,11616000,[0 0]
20120416,4.6,4.7,4.5,4.7,146043900,[1 1]
20120417,4.8,4.8,4.66,4.8,8925200,[1 1]
20120419,4.74,4.8,4.6,4.8,52674800,[0 0]
20120420,4.66,4.75,4.6,4.63,19556200,[0 0]
20120423,4.59,4.59,4.4,4.4,49380600,[1 0]
20120424,4.4,4.6,4.4,4.4,7036000,[1 1]
20120425,4.27,4.5,4.25,4.49,19622900,[1 0]
20120426,4.36,4.5,4.31,4.5,47044200,[1 1]
20120427,4.38,4.5,4.35,4.5,31856500,[1 1]
20120430,4.4,4.83,4.4,4.82,12420500,[0 1]
20120502,4.75,4.85,4.66,4.7,18309000,[1 1]
20120503,4.7,4.7,4.68,4.7,8788600,[0 1]
20120504,4.7,4.7,4.65,4.7,5163100,[1 1]
20120507,4.68,4.68,4.64,4.64,4133100,[1 0]
20120508,4.51,4.52,4.5,4.5,11933200,[0 1]
20120509,4.46,4.46,4.3,4.3,4159600,[1 1]
20120510,4.34,4.48,4.25,4.48,12561900,[1 1]
20120511,4.35,4.44,4.3,4.4,14323800,[1 0]
20120515,4.35,4.35,4.13,4.3,8896000,[0 1]
20120516,4.29,4.3,4.03,4.3,19079100,[1 1]
20120517,4.22,4.29,4.13,4.2,7123200,[0 1]
20120518,4.12,4.2,4.12,4.2,629200,[1 1]
20120521,4.12,4.25,4.08,4.25,2829700,[0 1]
20120522,4.24,4.44,4.1,4.1,5769400,[1 1]
20120523,4.1,4.13,4.07,4.13,29446200,[0 0]
20120524,4.2,4.2,4.0,4.09,13201300,[0 1]
20120525,4.02,4.18,4.01,4.18,2464900,[1 1]
20120528,4.15,4.43,4.15,4.3,24352300,[1 1]
20120531,4.0,4.3,4.0,4.29,228159100,[1 0]
20120601,4.05,4.29,4.02,4.29,16042800,[1 0]
20120604,4.22,4.3,4.1,4.3,4705100,[1 0]
20120605,4.2,4.2,4.07,4.07,33071000,[1 1]
20120606,4.1,4.21,4.06,4.06,14538100,[1 0]
20120608,4.14,4.15,3.98,4.13,115566400,[0 1]
20120612,4.13,4.14,4.02,4.14,5328100,[1 1]
20120613,4.14,4.14,4.04,4.13,1154900,[1 1]
20120614,4.17,4.17,4.17,4.17,208500,[1 0]
20120615,4.12,4.17,4.12,4.14,16686200,[1 0]
20120618,4.07,4.17,4.07,4.09,6130600,[0 0]
20120619,4.1,4.1,4.04,4.04,6061900,[0 0]
20120620,4.01,4.16,4.01,4.16,12235500,[1 1]
20120621,4.15,4.15,3.99,3.99,2456000,[1 1]
20120622,3.99,4.1,3.99,4.1,5431000,[1 1]
20120625,4.09,4.18,4.09,4.18,43240000,[1 1]
20120626,4.18,4.2,4.05,4.1,10000700,[1 0]
20120627,4.2,4.3,4.18,4.3,11477600,[1 1]
20120628,4.34,4.34,4.19,4.19,1695200,[1 1]
20120629,4.4,4.4,4.2,4.4,44710100,[0 1]
20120702,4.43,4.43,4.2,4.25,72039800,[1 1]
20120716,3.3,3.3,2.99,2.99,5887300,[1 1]
20120717,3.19,3.19,3.1,3.19,4114500,[1 1]
20120718,3.2,3.39,3.12,3.36,15114900,[0 0]
20120719,3.36,3.4,3.3,3.4,1713600,[1 1]
20120720,3.4,3.4,3.18,3.35,2798300,[0 0]
20120723,3.35,3.49,3.24,3.49,5228100,[1 1]
20120724,3.49,3.5,3.25,3.5,5537800,[1 1]
20120726,3.4,3.48,3.4,3.48,103500,[0 1]
20120727,3.48,3.85,3.48,3.85,3954400,[0 1]
20120730,3.75,3.75,3.74,3.74,449800,[1 1]
20120731,3.63,3.73,3.6,3.72,6554900,[0 1]
20120801,3.61,3.61,3.55,3.61,6389100,[1 1]
20120802,3.61,3.61,3.51,3.6,14858700,[0 1]
20120803,3.71,3.71,3.61,3.71,332900,[0 1]
20120806,3.61,3.7,3.5,3.68,4973700,[0 1]
20120807,3.68,3.7,3.5,3.7,14591100,[1 1]
20120808,3.6,3.7,3.6,3.7,2025500,[0 1]
20120809,3.6,3.7,3.49,3.7,10247900,[1 1]
20120813,3.7,3.7,3.6,3.7,1141900,[1 0]
20120814,3.69,3.8,3.69,3.7,12241800,[1 1]
20120815,3.75,3.98,3.68,3.8,8780100,[0 1]
20120816,3.75,3.76,3.7,3.76,6695000,[1 0]
20120817,3.71,3.74,3.68,3.7,12169000,[0 0]
20120820,3.68,3.7,3.61,3.7,27105500,[1 1]
20120821,3.63,3.65,3.6,3.65,8046200,[1 1]
20120822,3.65,3.7,3.65,3.7,1105000,[1 0]
20120823,3.69,3.69,3.59,3.59,30440300,[1 1]
20120824,3.59,3.59,3.59,3.59,143600,[0 0]
20120827,3.58,3.69,3.57,3.69,36664900,[0 1]
20120828,3.69,3.8,3.69,3.79,4355600,[0 1]
20120829,3.75,3.77,3.64,3.77,9732400,[0 0]
20120830,3.77,3.77,3.77,3.77,21187400,[0 1]
20120831,3.75,3.8,3.66,3.8,28418900,[1 1]
20120903,3.76,3.79,3.64,3.79,47519700,[0 1]
20120904,3.79,3.8,3.65,3.79,29210700,[0 1]
20120905,3.72,3.79,3.7,3.71,10859000,[0 1]
20120906,3.7,3.84,3.7,3.84,7590900,[0 0]
20120910,3.83,3.83,3.8,3.8,21888500,[0 1]
20120911,3.8,3.8,3.7,3.7,3654400,[0 0]
20120912,3.79,3.99,3.66,3.99,40527800,[0 1]
20120913,3.95,3.95,3.76,3.76,59885300,[0 1]
20120914,3.84,3.84,3.71,3.84,72205400,[0 0]
20120917,3.84,3.85,3.8,3.8,4188900,[1 1]
20120918,3.8,3.8,3.79,3.8,2619600,[0 1]
20120920,3.8,3.9,3.62,3.77,21896900,[0 1]
20120921,3.71,3.79,3.69,3.79,21032100,[1 0]
20120924,3.89,3.89,3.77,3.77,24127500,[0 1]
20120925,3.75,3.78,3.61,3.78,14356000,[1 1]
20120926,3.8,3.8,3.8,3.8,760000,[0 1]
20120927,3.77,3.8,3.7,3.8,8090300,[0 1]
20120928,3.71,3.8,3.7,3.8,118054200,[0 1]
20121001,3.8,3.8,3.8,3.8,15162000,[0 1]
20121002,3.78,3.78,3.55,3.55,5380600,[1 0]
20121003,3.59,3.67,3.5,3.5,29448400,[1 0]
20121004,3.54,3.7,3.54,3.68,14949300,[1 0]
20121005,3.72,3.72,3.65,3.68,50396700,[1 0]
20121008,3.72,3.99,3.72,3.79,73976000,[1 0]
20121009,3.8,3.81,3.59,3.59,54186700,[1 1]
20121010,3.68,3.7,3.67,3.68,2981000,[1 1]
20121011,3.7,3.7,3.7,3.7,18944000,[1 1]
20121015,3.67,3.7,3.6,3.6,10750200,[0 0]
20121016,3.68,3.68,3.6,3.6,4035300,[0 0]
20121017,3.6,3.8,3.53,3.8,51843500,[0 1]
20121018,3.8,3.8,3.59,3.7,104225600,[0 1]
20121019,3.6,3.69,3.46,3.6,284824700,[0 1]
20121022,3.64,3.64,3.64,3.64,364000,[1 1]
20121024,3.54,3.8,3.54,3.8,3755100,[1 1]
20121025,3.71,3.8,3.7,3.75,32526800,[1 1]
20121026,3.8,3.8,3.75,3.79,1705100,[1 1]
20121029,3.71,3.71,3.7,3.7,2702300,[1 1]
20121030,3.78,3.8,3.7,3.79,36354300,[0 0]
20121031,3.7,3.7,3.63,3.7,68238600,[1 1]
20121101,3.71,3.75,3.62,3.75,5547000,[0 0]
20121105,3.73,3.75,3.68,3.68,21044400,[0 0]
20121106,3.78,3.78,3.65,3.74,16849900,[0 1]
20121107,3.74,3.8,3.7,3.8,14989200,[0 1]
20121108,3.8,3.8,3.66,3.8,6134400,[1 1]
20121109,3.73,3.8,3.73,3.8,12007400,[1 0]
20121112,3.71,3.8,3.69,3.7,28654300,[0 1]
20121113,3.73,3.75,3.7,3.75,4448000,[1 0]
20121114,3.76,3.86,3.59,3.6,28966300,[0 0]
20121116,3.68,3.7,3.63,3.63,2256000,[1 1]
20121119,3.68,3.68,3.68,3.68,2907200,[0 1]
20121121,3.69,3.69,3.53,3.6,13003500,[0 0]
20121122,3.6,3.7,3.55,3.7,257161000,[0 1]
20121123,3.61,3.7,3.6,3.7,598196400,[1 1]
20121126,3.62,3.7,3.6,3.6,22854800,[0 1]
20121127,3.62,3.65,3.49,3.54,294977200,[1 1]
20121128,3.5,3.61,3.48,3.61,4240100,[0 1]
20121130,3.61,3.65,3.61,3.64,424682300,[0 0]
20121203,3.6,3.6,3.46,3.46,13926500,[1 1]
20121204,3.5,3.63,3.5,3.63,23458200,[1 1]
20121205,3.55,3.56,3.48,3.48,24222900,[0 0]
20121206,3.5,3.55,3.32,3.49,149658000,[1 0]
20121207,3.64,3.64,3.52,3.59,1395600,[1 0]
20121210,3.65,3.65,3.6,3.6,3997500,[0 1]
20121211,3.51,3.6,3.51,3.6,37497500,[0 0]
20121212,3.51,3.6,3.5,3.6,3024900,[1 0]
20121213,3.6,3.67,3.5,3.5,21479500,[1 1]
20121214,3.61,3.63,3.55,3.62,15096100,[0 0]
20121217,3.55,3.64,3.55,3.64,21018200,[0 0]
20121218,3.6,3.6,3.45,3.5,30707000,[1 0]
20121219,3.55,3.59,3.49,3.59,26998300,[1 0]
20121220,3.57,3.62,3.52,3.59,9835600,[1 1]
20121221,3.52,3.53,3.5,3.5,38613900,[1 0]
20121226,3.59,3.59,3.47,3.54,10448700,[1 1]
20121227,3.58,3.58,3.5,3.57,2479600,[1 1]
20121228,3.57,3.62,3.57,3.61,1142068900,[0 0]
20130102,3.7,3.79,3.61,3.7,7154200,[0 1]
20130103,3.6,3.68,3.57,3.57,1758400,[1 1]
20130104,3.6,3.68,3.59,3.68,2675900,[0 0]
20130107,3.63,3.63,3.56,3.6,6545100,[1 1]
20130108,3.6,3.6,3.49,3.49,2191600,[0 1]
20130109,3.55,3.6,3.46,3.6,6626300,[1 1]
20130110,3.65,3.65,3.6,3.6,44514700,[0 1]
20130111,3.7,3.7,3.66,3.7,4944600,[1 0]
20130114,3.69,3.69,3.58,3.63,6734200,[1 1]
20130115,3.65,3.68,3.62,3.62,26468400,[1 1]
20130116,3.67,3.67,3.67,3.67,183500,[0 1]
20130117,3.6,3.78,3.55,3.78,22241100,[1 1]
20130118,3.79,3.81,3.7,3.78,7475300,[1 1]
20130121,3.78,3.79,3.63,3.63,8972500,[1 0]
20130122,3.55,3.72,3.55,3.7,2185300,[1 1]
20130123,3.66,3.74,3.66,3.73,1379900,[0 1]
20130124,3.64,3.72,3.64,3.72,13008500,[1 0]
20130128,3.62,3.72,3.56,3.56,38836400,[0 0]
20130129,3.56,3.63,3.56,3.62,5560500,[0 1]
20130130,3.6,3.6,3.55,3.55,2735000,[1 1]
20130131,3.59,3.6,3.54,3.59,204062900,[0 1]
20130201,3.57,3.6,3.52,3.6,37365000,[0 0]
20130204,3.62,3.65,3.45,3.47,13962100,[1 1]
20130205,3.64,3.64,3.5,3.5,2907900,[1 0]
20130207,3.57,3.63,3.45,3.49,7295200,[1 1]
20130208,3.52,3.61,3.5,3.61,51867200,[1 1]
20130213,3.53,3.6,3.53,3.57,7618500,[0 1]
20130214,3.52,3.52,3.49,3.49,5737300,[1 1]
20130215,3.55,3.55,3.46,3.52,70611800,[1 0]
20130218,3.46,3.48,3.41,3.41,3971800,[1 0]
20130219,3.44,3.53,3.41,3.5,18078600,[1 1]
20130220,3.45,3.5,3.38,3.41,14184900,[1 1]
20130221,3.42,3.46,3.41,3.46,16228500,[1 1]
20130222,3.49,3.49,3.41,3.47,38709900,[0 1]
20130225,3.41,3.48,3.37,3.37,38140300,[1 0]
20130226,3.38,3.43,3.38,3.43,12630100,[1 1]
20130227,3.45,3.45,3.39,3.45,2483400,[1 1]
20130228,3.4,3.52,3.37,3.52,3135300,[0 1]
20130301,3.41,3.45,3.34,3.4,7510700,[0 1]
20130304,3.4,3.41,3.33,3.41,4451400,[0 0]
20130305,3.43,3.43,3.22,3.3,29272600,[1 0]
20130306,3.21,3.28,3.19,3.19,13302700,[1 1]
20130307,3.3,3.3,3.16,3.2,4893500,[1 1]
20130308,3.21,3.3,3.11,3.16,91396000,[1 0]
20130311,3.12,3.4,3.09,3.4,11642100,[1 0]
20130312,3.4,3.5,3.21,3.4,17710800,[1 1]
20130313,3.42,3.44,3.35,3.35,3057800,[1 1]
20130314,3.42,3.43,3.4,3.4,2589500,[0 1]
20130315,3.44,3.44,3.24,3.24,18958700,[0 1]
20130318,3.25,3.41,3.23,3.26,52519700,[0 0]
20130319,3.41,3.49,3.26,3.33,68224700,[1 1]
20130320,3.34,3.42,3.34,3.42,7675100,[1 0]
20130321,3.4,3.4,3.36,3.4,43213000,[0 1]
20130322,3.41,3.41,3.35,3.4,33946200,[0 0]
20130325,3.44,3.44,3.4,3.44,26184900,[0 0]
20130326,3.44,3.46,3.4,3.4,96077000,[1 0]
20130327,3.41,3.54,3.4,3.45,23660500,[1 0]
20130328,3.43,3.51,3.43,3.5,41207600,[1 1]
20130401,3.52,3.52,3.43,3.43,89984200,[0 0]
20130402,3.49,3.51,3.35,3.4,87862100,[1 1]
20130403,3.41,3.5,3.4,3.49,57183200,[0 0]
20130404,3.51,3.51,3.39,3.4,3973700,[1 0]
20130405,3.4,3.49,3.4,3.46,896800,[1 0]
20130408,3.5,3.5,3.44,3.5,65306200,[1 0]
20130409,3.5,3.5,3.45,3.5,68281300,[1 1]
20130410,3.5,3.69,3.5,3.69,13966700,[1 0]
20130411,3.69,3.69,3.49,3.59,8953100,[0 1]
20130412,3.65,3.65,3.59,3.59,791900,[1 0]
20130415,3.59,3.6,3.35,3.35,69286600,[1 1]
20130416,3.42,3.43,3.37,3.43,8540700,[0 1]
20130417,3.5,3.52,3.4,3.52,629000,[0 0]
20130418,3.52,3.52,3.49,3.5,14254500,[0 0]
20130419,3.47,3.55,3.46,3.55,12608800,[1 0]
20130422,3.55,3.55,3.45,3.45,40475800,[0 0]
20130423,3.5,3.5,3.45,3.5,7527800,[1 1]
20130424,3.74,3.74,3.49,3.59,3050900,[1 1]
20130425,3.62,3.62,3.47,3.58,8474300,[1 1]
20130426,3.5,3.56,3.45,3.56,6975000,[1 0]
20130429,3.54,3.54,3.48,3.48,13879600,[1 0]
20130430,3.49,3.5,3.47,3.49,7720200,[1 1]
20130514,3.25,3.4,3.25,3.38,10498500,[0 0]
20130515,3.33,3.45,3.3,3.45,17816400,[1 0]
20130516,3.5,3.5,3.38,3.45,3296100,[1 1]
20130517,3.45,3.45,3.37,3.42,5917100,[0 1]
20130520,3.46,3.5,3.4,3.46,9706600,[1 0]
20130521,3.47,3.47,3.4,3.45,11609100,[0 0]
20130522,3.42,3.45,3.42,3.45,10658100,[1 0]
20130523,3.44,3.45,3.4,3.44,19228500,[0 0]
20130524,3.44,3.44,3.36,3.36,2081200,[1 0]
20130527,3.44,3.45,3.41,3.45,1894200,[1 0]
20130528,3.41,3.44,3.28,3.28,15940400,[1 1]
20130529,3.34,3.44,3.34,3.44,3764700,[0 0]
20130531,3.4,3.44,3.28,3.28,26643400,[1 0]
20130603,3.34,3.35,3.22,3.34,13607500,[1 0]
20130604,3.38,3.38,3.31,3.33,931900,[0 0]
20130605,3.31,3.35,3.28,3.28,46930400,[0 0]
20130606,3.38,3.38,3.35,3.36,1751300,[1 1]
20130607,3.36,3.36,3.35,3.35,201500,[1 0]
20130610,3.36,3.4,3.3,3.38,5359900,[0 0]
20130611,3.28,3.32,3.2,3.2,97876800,[1 0]
20130612,3.2,3.2,3.11,3.11,9456800,[1 0]
20130613,3.17,3.2,3.11,3.2,1054100,[0 0]
20130614,3.2,3.38,3.15,3.38,11700200,[0 1]
20130617,3.3,3.34,3.23,3.34,1122100,[0 0]
20130618,3.36,3.36,3.24,3.3,3325300,[0 1]
20130619,3.25,3.33,3.25,3.33,264000,[0 0]
20130620,3.33,3.37,3.2,3.33,77803500,[1 1]
20130621,3.34,3.39,3.18,3.28,57750500,[0 0]
20130624,3.3,3.31,3.2,3.31,30334900,[1 0]
20130625,3.32,3.35,3.26,3.34,531400,[1 1]
20130626,3.35,3.41,3.27,3.4,33854000,[1 1]
20130627,3.45,3.5,3.34,3.44,42415100,[1 1]
20130628,3.5,3.5,3.35,3.48,15527000,[1 1]
20130701,3.4,3.45,3.4,3.45,1501000,[0 0]
20130702,3.48,3.48,3.31,3.48,961500,[1 1]
20130703,3.38,3.38,3.08,3.35,34532800,[1 0]
20130704,3.31,3.36,3.3,3.31,993800,[1 0]
20130705,3.25,3.3,3.25,3.3,16618700,[0 1]
20130708,3.3,3.3,3.26,3.3,7653600,[1 0]
20130710,3.28,3.28,3.1,3.28,22190700,[0 1]
20130711,3.28,3.3,3.15,3.3,36517500,[1 1]
20130712,3.3,3.35,3.25,3.29,1853700,[1 1]
20130715,3.3,3.4,3.3,3.4,2221500,[1 1]
20130716,3.31,3.38,3.25,3.25,7174000,[1 1]
20130717,3.35,3.35,3.2,3.33,2044700,[0 0]
20130718,3.33,3.33,3.27,3.27,4927800,[0 0]
20130719,3.27,3.38,3.27,3.38,596300,[1 1]
20130722,3.3,3.43,3.3,3.43,809100,[0 1]
20130723,3.4,3.4,3.25,3.3,77245100,[0 0]
20130724,3.3,3.39,3.24,3.35,4972000,[1 1]
20130725,3.4,3.43,3.36,3.43,6397200,[0 1]
20130726,3.4,3.4,3.38,3.4,13905800,[1 1]
20130729,3.4,3.4,3.22,3.25,19595300,[0 1]
20130730,3.29,3.29,3.12,3.24,20921800,[0 1]
20130731,3.15,3.28,3.15,3.28,23686200,[1 0]
20130801,3.2,3.27,3.12,3.27,7956500,[0 0]
20130802,3.23,3.29,3.16,3.29,2298800,[1 0]
20130805,3.2,3.29,3.2,3.29,17065300,[1 1]
20130806,3.23,3.23,3.16,3.2,11980400,[1 1]
20130807,3.18,3.25,3.09,3.25,27895000,[1 0]
20130808,3.32,3.32,3.16,3.24,2164100,[1 1]
20130809,3.23,3.27,3.2,3.24,2606700,[0 1]
20130812,3.2,3.25,3.16,3.25,1165200,[0 1]
20130813,3.2,3.25,3.18,3.25,7277800,[1 0]
20130814,3.2,3.2,3.13,3.19,9013500,[0 0]
20130815,3.14,3.14,3.11,3.12,3062000,[1 1]
20130816,3.13,3.2,3.01,3.2,16514500,[1 1]
20130819,3.18,3.19,3.13,3.19,2449900,[0 0]
20130820,3.15,3.25,3.11,3.25,9725600,[1 0]
20130821,3.19,3.25,3.08,3.25,28922500,[1 1]
20130822,3.24,3.24,3.24,3.24,97200,[1 1]
20130823,3.23,3.24,3.16,3.24,258200,[1 1]
20130827,3.18,3.18,3.0,3.0,41587600,[0 1]
20130828,3.03,3.09,2.96,2.96,18658400,[1 1]
20130829,2.96,3.0,2.91,2.91,440100,[1 1]
20130830,2.91,2.92,2.73,2.85,355339100,[1 0]
20130902,3.0,3.03,2.85,2.95,9482600,[0 0]
20130903,2.9,2.99,2.66,2.99,32206500,[1 0]
20130904,2.97,2.97,2.76,2.76,8615600,[1 0]
20130905,2.78,2.81,2.72,2.72,8427800,[0 0]
20130906,2.75,2.9,2.75,2.82,14611500,[0 1]
20130909,2.94,2.94,2.8,2.86,4942900,[0 0]
20130910,2.88,2.9,2.8,2.89,13389600,[1 1]
20130912,2.87,2.87,2.81,2.81,3637400,[0 0]
20130913,2.82,2.83,2.82,2.82,620900,[1 1]
20130916,2.82,2.82,2.73,2.75,9781700,[1 0]
20130917,2.74,2.75,2.7,2.75,3023700,[0 0]
20130918,2.68,2.7,2.66,2.7,6926600,[1 0]
20130919,2.7,2.7,2.62,2.69,3719400,[0 1]
20130920,2.62,2.68,2.61,2.68,2286200,[1 1]
20130923,2.68,2.68,2.56,2.56,10634100,[1 0]
20130924,2.59,2.66,2.49,2.55,12784600,[0 0]
20130925,2.5,2.56,2.48,2.56,2487100,[0 1]
20130926,2.56,2.61,2.56,2.6,8834100,[1 1]
20130927,2.61,2.68,2.57,2.66,3181200,[1 0]
20130930,2.66,2.7,2.64,2.69,4388800,[1 0]
20131001,2.7,2.7,2.7,2.7,1701000,[0 0]
20131002,2.67,2.67,2.65,2.67,373000,[0 1]
20131003,2.65,2.7,2.65,2.66,860400,[0 1]
20131004,2.67,2.67,2.65,2.65,239100,[1 1]
20131007,2.69,2.69,2.69,2.69,26900,[1 1]
20131008,2.64,2.66,2.55,2.55,44384900,[0 1]
20131009,2.55,2.69,2.55,2.69,1578100,[0 1]
20131014,2.69,2.7,2.58,2.7,55870800,[1 1]
20131015,2.7,2.83,2.7,2.83,2099000,[1 0]
20131016,2.71,2.8,2.68,2.8,7032700,[1 1]
20131017,2.8,2.8,2.8,2.8,392000,[1 1]
20131018,2.8,2.8,2.73,2.73,1229200,[0 1]
20131022,2.78,2.78,2.78,2.78,222400,[0 0]
20131023,2.75,2.75,2.73,2.73,1749200,[1 0]
20131024,2.73,2.74,2.65,2.74,2479700,[0 1]
20131028,2.66,2.7,2.61,2.61,765500,[1 1]
20131029,2.61,2.75,2.56,2.75,4765000,[1 0]
20131030,2.66,2.78,2.65,2.78,4120400,[1 1]
20131031,2.79,2.79,2.79,2.79,1813500,[1 0]
20131101,2.71,2.71,2.63,2.71,8191100,[0 1]
20131104,2.71,2.8,2.7,2.8,6448700,[0 0]
20131105,2.8,2.89,2.8,2.85,7758500,[1 1]
20131106,2.85,3.0,2.85,2.91,77107600,[1 1]
20131107,2.92,3.11,2.92,3.09,39458200,[0 0]
20131108,3.02,3.17,3.0,3.08,32864200,[1 1]
20131111,3.05,3.05,3.0,3.0,20422000,[1 1]
20131112,3.0,3.08,3.0,3.0,6938600,[1 1]
20131113,3.0,3.07,3.0,3.0,10112100,[0 1]
20131114,2.97,3.07,2.97,3.07,6322000,[0 1]
20131118,3.0,3.15,3.0,3.15,563200,[0 1]
20131119,3.24,3.25,3.15,3.21,1501800,[1 1]
20131121,3.15,3.25,3.15,3.25,2271100,[0 0]
20131122,3.3,3.33,3.25,3.33,3758300,[0 0]
20131125,3.34,3.35,3.26,3.32,4884700,[0 0]
20131126,3.33,3.4,3.3,3.4,12183700,[0 0]
20131127,3.31,3.4,3.22,3.4,15662500,[0 1]
20131128,3.39,3.39,3.39,3.39,8305500,[1 0]
20131129,3.4,3.45,3.3,3.44,24192500,[1 0]
20131202,3.35,3.42,3.3,3.42,13063700,[1 1]
20131203,3.35,3.39,3.25,3.39,20283800,[0 1]
20131204,3.33,3.35,3.29,3.3,7338500,[1 1]
20131205,3.26,3.34,3.26,3.32,4759800,[1 0]
20131206,3.25,3.37,3.23,3.37,8538600,[1 1]
20131209,3.4,3.4,3.26,3.3,17934400,[1 1]
20131210,3.3,3.3,3.26,3.3,2735000,[0 0]
20131211,3.28,3.3,3.23,3.3,2633900,[0 0]
20131212,3.3,3.31,3.28,3.31,4634000,[1 1]
20131213,3.27,3.28,3.25,3.25,8106900,[1 1]
20131216,3.24,3.39,3.24,3.25,2384600,[0 0]
20131217,3.25,3.37,3.17,3.28,26795500,[0 1]
20131218,3.25,3.28,3.21,3.23,8762800,[0 1]
20131219,3.21,3.25,3.17,3.21,4173200,[0 1]
20131220,3.13,3.25,3.13,3.15,1748281900,[1 0]
20131223,3.08,3.21,3.08,3.2,572500,[1 0]
20131226,3.44,3.55,3.31,3.39,23612200,[1 0]
20131227,3.45,3.45,3.35,3.45,7657600,[1 1]
20131230,3.5,3.5,3.4,3.48,305899800,[0 1]
20140102,3.46,3.46,3.4,3.4,8294300,[1 1]
20140103,3.46,3.46,3.32,3.35,5016100,[0 0]
20140106,3.35,3.35,3.31,3.31,29997200,[0 0]
20140107,3.35,3.35,3.13,3.2,37136400,[1 0]
20140108,3.17,3.3,3.06,3.3,12979200,[1 1]
20140109,3.32,3.35,3.21,3.3,16480900,[1 1]
20140110,3.26,3.4,3.2,3.35,112570800,[0 0]
20140113,3.3,3.45,3.3,3.45,45892000,[0 0]
20140114,3.41,3.5,3.37,3.45,18914600,[1 1]
20140115,3.4,3.45,3.38,3.4,7699900,[0 1]
20140116,3.45,3.45,3.33,3.45,17192000,[1 1]
20140117,3.4,3.45,3.31,3.45,12541000,[1 0]
20140120,3.36,3.5,3.36,3.5,105634100,[1 0]
20140121,3.55,3.55,3.41,3.44,44119700,[1 0]
20140122,3.46,3.47,3.44,3.44,10922400,[1 1]
20140123,3.45,3.49,3.41,3.49,6640000,[1 0]
20140124,3.41,3.49,3.41,3.49,4250700,[0 1]
20140127,3.45,3.5,3.25,3.43,88669200,[0 0]
20140128,3.5,3.65,3.49,3.52,34968200,[0 1]
20140129,3.57,3.57,3.4,3.56,3491300,[0 1]
20140130,3.53,3.53,3.45,3.45,12890500,[1 0]
20140131,3.44,3.55,3.4,3.41,17822700,[1 1]
20140203,3.5,3.5,3.37,3.5,2760300,[1 1]
20140204,3.5,3.5,3.41,3.5,3332300,[0 0]
20140205,3.47,3.47,3.41,3.46,722200,[0 0]
20140206,3.4,3.52,3.36,3.52,12358600,[1 0]
20140207,3.54,3.54,3.44,3.53,12998000,[0 0]
20140210,3.5,3.5,3.48,3.48,1014400,[1 0]
20140211,3.52,3.64,3.46,3.57,10739200,[0 1]
20140212,3.58,3.66,3.58,3.66,723300,[0 1]
20140213,3.56,3.65,3.5,3.63,179832400,[0 1]
20140214,3.6,3.65,3.59,3.65,4878000,[0 1]
20140217,3.65,3.7,3.65,3.7,10628600,[0 1]
20140218,3.73,3.75,3.7,3.7,7885600,[1 0]
20140219,3.66,3.66,3.5,3.56,41788100,[0 1]
20140220,3.57,3.64,3.54,3.62,7863000,[1 1]
20140221,3.57,3.6,3.56,3.6,13234100,[0 0]
20140224,3.62,3.62,3.48,3.48,4484100,[1 0]
20140225,3.53,3.55,3.34,3.35,30331100,[0 1]
20140226,3.4,3.4,3.31,3.38,28940700,[0 0]
20140227,3.32,3.37,3.29,3.37,15317900,[0 1]
20140228,3.3,3.3,2.98,3.13,289655500,[0 0]
20140305,3.0,3.17,2.98,3.14,13429300,[0 0]
20140306,3.2,3.37,3.14,3.37,184227900,[1 1]
20140307,3.27,3.38,3.16,3.38,74884400,[0 1]
20140310,3.37,3.53,3.35,3.48,19624900,[1 0]
20140311,3.48,3.55,3.45,3.55,15530800,[1 1]
20140312,3.58,3.67,3.52,3.54,24236400,[0 0]
20140313,3.5,3.6,3.45,3.59,3006400,[0 1]
20140314,3.59,3.75,3.51,3.75,7516500,[1 1]
20140317,3.78,3.78,3.59,3.65,15197500,[1 0]
20140318,3.68,3.68,3.64,3.64,11406000,[1 0]
20140319,3.7,3.7,3.7,3.7,3737000,[1 0]
20140320,3.6,3.7,3.6,3.7,15978000,[1 1]
20140321,3.65,3.72,3.57,3.6,24234200,[0 1]
20140324,3.65,3.8,3.6,3.8,2976300,[1 0]
20140325,3.75,3.8,3.7,3.8,11872300,[1 1]
20140326,3.79,3.82,3.65,3.8,53598800,[1 1]
20140327,3.8,3.9,3.6,3.8,128928800,[0 0]
20140328,3.77,3.89,3.67,3.89,15266100,[1 0]
20140331,3.88,3.89,3.82,3.88,171125400,[1 1]
20140401,3.86,3.95,3.8,3.95,12484100,[1 1]
20140402,3.86,4.07,3.86,4.01,27921500,[1 1]
20140403,4.0,4.1,3.97,4.04,27192900,[0 1]
20140404,4.1,4.19,4.1,4.17,16336400,[1 1]
20140407,4.2,4.32,4.11,4.24,4841800,[1 1]
20140408,4.23,4.4,4.14,4.4,15725800,[0 1]
20140409,4.4,4.49,4.27,4.4,18169100,[0 1]
20140410,4.34,4.45,4.21,4.35,18612500,[0 0]
20140411,4.34,4.5,4.24,4.4,36109200,[1 1]
20140414,4.39,4.4,4.29,4.39,44937600,[0 1]
20140415,4.35,4.4,4.25,4.39,14002800,[1 0]
20140416,4.37,4.37,4.3,4.3,13348600,[0 1]
20140417,4.32,4.4,4.3,4.35,30331500,[0 1]
20140422,4.49,4.49,4.3,4.35,9603500,[1 1]
20140423,4.3,4.33,4.3,4.33,6913000,[0 1]
20140424,4.31,4.33,4.3,4.32,1337000,[0 0]
20140425,4.22,4.33,4.22,4.33,689600,[1 0]
20140428,4.33,4.33,4.28,4.33,4102900,[1 0]
20140429,4.3,4.45,4.25,4.33,7271900,[1 1]
20140430,4.33,4.33,4.3,4.33,9722000,[0 0]
20140514,4.43,4.45,4.4,4.45,12707100,[0 1]
20140515,4.36,4.43,4.31,4.43,3991000,[0 0]
20140516,4.43,4.45,4.4,4.45,11221800,[1 0]
20140519,4.45,4.45,4.43,4.45,17977500,[1 1]
20140520,4.48,4.48,4.36,4.45,17555200,[1 1]
20140521,4.43,4.43,4.35,4.42,28002100,[0 1]
20140522,4.4,4.41,4.34,4.35,46454400,[0 1]
20140523,4.38,4.42,4.34,4.34,27218000,[1 1]
20140526,4.4,4.45,4.3,4.35,10426600,[1 0]
20140527,4.38,4.46,4.3,4.36,14308100,[1 1]
20140528,4.33,4.38,4.32,4.37,23750800,[1 1]
20140529,4.35,4.38,4.32,4.32,13486000,[0 1]
20140530,4.31,4.37,4.3,4.35,4855700,[1 0]
20140602,4.27,4.37,4.27,4.35,3467000,[0 1]
20140603,4.3,4.39,4.3,4.34,13032900,[1 0]
20140604,4.35,4.44,4.32,4.44,48474700,[1 1]
20140605,4.43,4.59,4.4,4.53,23128300,[1 0]
20140606,4.54,4.59,4.41,4.54,6505200,[1 1]
20140609,4.57,4.59,4.48,4.58,9143100,[0 1]
20140610,4.52,4.59,4.51,4.59,29517900,[0 1]
20140611,4.58,4.59,4.52,4.56,44182000,[1 1]
20140613,4.5,4.54,4.45,4.54,15229600,[0 1]
20140616,4.58,4.66,4.5,4.54,39363400,[0 0]
20140617,4.52,4.53,4.48,4.53,4980900,[1 1]
20140618,4.53,4.62,4.45,4.59,46863400,[1 1]
20140620,4.58,4.69,4.54,4.68,43668700,[1 0]
20140623,4.68,4.68,4.66,4.68,3592000,[1 0]
20140624,4.67,4.9,4.6,4.83,28907800,[1 0]
20140625,4.9,4.9,4.67,4.89,13895900,[0 1]
20140626,4.89,4.95,4.8,4.95,18727800,[1 0]
20140627,4.93,4.98,4.83,4.88,49358300,[1 1]
20140630,4.9,4.9,4.8,4.9,58779800,[0 0]
20140701,4.9,4.9,4.7,4.85,76724000,[1 0]
20140702,4.85,4.88,4.75,4.75,35744800,[1 0]
20140703,4.73,4.86,4.7,4.8,85477400,[1 0]
20140707,4.76,4.83,4.75,4.8,20652500,[1 0]
20140710,4.82,4.85,4.75,4.84,57601500,[0 1]
20140711,4.83,4.84,4.83,4.84,967700,[1 1]
20140714,4.85,4.95,4.85,4.9,21035400,[0 1]
20140715,4.94,4.94,4.8,4.9,79136100,[0 0]
20140716,4.84,4.86,4.8,4.85,33708800,[1 0]
20140717,4.8,4.83,4.8,4.83,17850300,[1 1]
20140718,4.85,4.95,4.81,4.9,66947000,[1 0]
20140721,4.87,4.88,4.8,4.85,25798600,[0 1]
20140722,4.88,4.88,4.81,4.85,29604900,[0 1]
20140723,4.77,4.85,4.73,4.85,34344200,[0 0]
20140724,4.84,4.9,4.84,4.9,10880700,[0 1]
20140725,4.85,4.85,4.83,4.83,6100400,[1 1]
20140728,4.76,4.85,4.76,4.85,15781800,[0 0]
20140729,4.85,4.95,4.77,4.95,70822600,[1 0]
20140731,4.81,4.98,4.8,4.98,51914300,[1 1]
20140801,4.98,4.98,4.87,4.95,12227400,[0 0]
20140804,4.82,4.98,4.82,4.94,12277200,[0 0]
20140805,4.87,4.94,4.81,4.92,12563600,[1 0]
20140806,4.94,4.95,4.9,4.92,15503500,[1 1]
20140807,4.9,4.94,4.89,4.94,27147400,[0 1]
20140808,4.89,4.95,4.85,4.93,5442900,[0 1]
20140811,4.93,4.93,4.93,4.93,493000,[1 0]
20140812,4.9,4.94,4.89,4.94,33096800,[0 1]
20140813,4.9,4.93,4.9,4.92,11519400,[1 0]
20140814,4.9,4.93,4.89,4.9,20139300,[0 1]
20140815,4.9,4.9,4.9,4.9,9261000,[1 0]
20140818,4.8,4.9,4.8,4.89,20385400,[1 0]
20140819,4.86,4.9,4.86,4.88,112779400,[0 1]
20140820,4.89,4.9,4.86,4.9,3568800,[0 1]
20140821,4.88,4.89,4.87,4.89,4728100,[0 1]
20140822,4.87,4.9,4.81,4.86,21631400,[1 0]
20140825,4.85,4.9,4.85,4.9,3949300,[1 0]
20140826,4.85,4.9,4.85,4.88,7040500,[1 0]
20140827,4.88,4.88,4.85,4.85,30730700,[0 1]
20140828,4.89,4.9,4.81,4.85,55761200,[0 0]
20140829,4.84,4.85,4.8,4.85,253741500,[0 1]
20140901,4.81,4.95,4.8,4.95,13000700,[0 1]
20140902,4.87,4.95,4.87,4.95,73323600,[1 0]
20140903,4.9,4.99,4.9,4.99,54500900,[1 0]
20140904,4.99,4.99,4.9,4.98,67476600,[1 1]
20140905,4.92,5.18,4.91,5.15,116539700,[0 1]
20140908,5.07,5.15,5.05,5.15,25993600,[0 0]
20140909,5.15,5.44,5.15,5.44,380261300,[0 1]
20140910,5.21,5.44,5.21,5.4,65460400,[1 0]
20140911,5.32,5.4,5.3,5.38,19588200,[1 0]
20140912,5.4,5.4,5.4,5.4,10800000,[0 1]
20140915,5.33,5.44,5.3,5.44,79151400,[1 0]
20140916,5.32,5.43,5.31,5.42,3352900,[1 0]
20140917,5.4,5.44,5.23,5.44,86106400,[0 1]
20140918,5.31,5.4,5.3,5.4,51166100,[0 1]
20140919,5.39,5.4,5.34,5.4,55703300,[1 1]
20140922,5.35,5.4,5.25,5.4,13152900,[0 0]
20140923,5.32,5.4,5.28,5.4,59968700,[1 0]
20140924,5.35,5.4,5.3,5.4,29141000,[1 0]
20140925,5.33,5.4,5.31,5.39,45850800,[0 1]
20140926,5.32,5.35,5.28,5.35,35377300,[1 1]
20140929,5.28,5.7,5.28,5.4,24167000,[0 1]
20140930,5.46,5.46,5.28,5.44,276085000,[0 1]
20141001,5.4,5.4,5.3,5.32,51378200,[1 0]
20141002,5.35,5.45,5.35,5.35,31247400,[1 1]
20141003,5.35,5.5,5.27,5.5,63840000,[1 1]
20141016,5.43,5.45,5.43,5.45,163300,[0 1]
20141017,5.59,5.59,5.37,5.51,6192600,[0 1]
20141020,5.45,5.5,5.45,5.49,1909700,[0 1]
20141021,5.5,5.5,5.37,5.49,78023600,[1 0]
20141022,5.4,5.4,5.3,5.4,35046000,[1 0]
20141023,5.31,5.32,5.21,5.25,51300400,[1 1]
20141024,5.35,5.4,5.17,5.4,16871800,[0 0]
20141027,5.36,5.4,5.25,5.4,13886300,[1 1]
20141028,5.33,5.36,5.23,5.3,42252000,[0 1]
20141029,5.25,5.25,5.25,5.25,52500,[1 0]
20141030,5.25,5.25,5.21,5.25,9707100,[0 0]
20141031,5.2,5.25,5.2,5.25,20292900,[0 0]
20141103,5.25,5.25,5.24,5.24,16952500,[1 0]
20141104,5.25,5.3,5.18,5.24,44057500,[1 1]
20141105,5.18,5.23,5.18,5.23,6469500,[1 1]
20141106,5.22,5.23,5.19,5.23,8415800,[1 0]
20141107,5.21,5.23,5.19,5.23,781700,[1 0]
20141110,5.24,5.24,5.24,5.24,681200,[1 0]
20141111,5.15,5.38,5.15,5.24,3861000,[1 0]
20141112,5.24,5.24,5.24,5.24,1048000,[0 1]
20141113,5.23,5.23,5.22,5.23,2719400,[0 0]
20141114,5.23,5.23,5.1,5.1,48792000,[1 1]
20141117,5.11,5.11,5.07,5.1,14984600,[1 0]
20141118,5.05,5.1,5.05,5.1,16618500,[1 0]
20141119,5.1,5.1,5.09,5.1,141548800,[1 1]
20141121,5.1,5.1,5.1,5.1,49980000,[0 1]
20141124,5.1,5.1,5.08,5.1,58751800,[1 0]
20141125,5.1,5.1,5.08,5.1,53684200,[1 1]
20141126,5.1,5.1,5.07,5.1,92717200,[1 0]
20141127,5.1,5.1,5.09,5.09,54571900,[1 0]
20141128,5.1,5.17,5.05,5.1,454410800,[1 1]
20141201,5.1,5.1,5.0,5.1,18015200,[1 1]
20141202,5.1,5.1,5.09,5.1,9943900,[1 1]
20141203,5.1,5.1,5.08,5.1,12851300,[1 0]
20141204,5.11,5.21,5.02,5.1,147025700,[0 1]
20141205,5.4,5.4,5.08,5.1,42361000,[1 0]
20141208,5.1,5.1,5.07,5.1,24569600,[0 0]
20141209,5.1,5.1,5.09,5.1,31619900,[1 0]
20141210,5.1,5.1,5.06,5.1,21116300,[1 1]
20141211,5.1,5.1,5.06,5.1,68071100,[1 1]
20141212,5.1,5.1,5.07,5.1,22743900,[1 1]
20141215,5.11,5.75,5.11,5.31,26481000,[1 0]
20141216,5.31,5.31,5.08,5.1,76857800,[0 0]
20150102,3.7,3.84,3.7,3.84,72218700,[0 0]
20150105,3.7,3.7,3.45,3.45,62295400,[1 1]
20150106,3.59,3.69,3.33,3.35,58477900,[1 0]
20150107,3.36,3.59,3.34,3.48,7676100,[1 0]
20150108,3.66,3.66,3.43,3.43,4895100,[0 0]
20150109,3.63,3.63,3.41,3.42,1478300,[1 1]
20150112,3.42,3.6,3.39,3.6,26837200,[1 0]
20150113,3.5,3.59,3.41,3.41,19225900,[1 0]
20150114,3.34,3.46,3.31,3.31,6728100,[1 0]
20150115,3.4,3.44,3.33,3.33,22849700,[0 0]
20150116,3.34,3.35,3.28,3.35,11483200,[1 0]
20150119,3.27,3.34,3.1,3.14,11061400,[0 0]
20150120,3.14,3.18,3.11,3.18,1420500,[0 1]
20150121,3.12,3.18,3.1,3.17,8483800,[1 1]
20150122,3.11,3.18,3.08,3.18,16393400,[1 0]
20150123,3.18,3.45,3.17,3.44,12540700,[0 0]
20150126,3.42,3.49,3.28,3.45,17045100,[0 0]
20150127,3.44,3.44,3.44,3.44,15824000,[1 0]
20150129,3.44,3.44,3.4,3.4,514000,[1 1]
20150130,3.33,3.4,3.32,3.4,1583100,[0 1]
20150202,3.38,3.44,3.38,3.4,71048700,[1 1]
20150203,3.4,3.43,3.4,3.43,1641900,[0 0]
20150205,3.35,3.45,3.35,3.4,876700,[1 1]
20150206,3.5,3.5,3.37,3.45,923000,[1 0]
20150209,3.36,3.44,3.32,3.44,13532500,[1 1]
20150210,3.44,3.44,3.44,3.44,9012800,[0 1]
20150211,3.44,3.44,3.36,3.42,12851800,[1 1]
20150212,3.44,3.44,3.28,3.28,16087900,[0 0]
20150213,3.27,3.27,3.24,3.27,16967200,[0 0]
20150218,3.3,3.4,3.12,3.2,41777800,[1 1]
20150219,3.15,3.2,3.05,3.1,187055700,[1 1]
20150220,3.03,3.22,3.03,3.11,28964000,[0 1]
20150223,3.11,3.21,3.11,3.19,12538200,[0 0]
20150224,3.19,3.2,3.12,3.2,15527600,[1 1]
20150225,3.14,3.2,3.13,3.18,13914000,[0 1]
20150226,3.22,3.24,3.12,3.17,48982900,[0 1]
20150227,3.2,3.2,3.0,3.2,26522200,[1 0]
20150302,3.2,3.2,3.06,3.13,41135000,[1 1]
20150303,3.15,3.15,2.99,3.1,68862400,[0 0]
20150304,3.1,3.19,2.95,3.09,56423200,[1 1]
20150305,3.0,3.19,3.0,3.1,23446700,[0 1]
20150306,3.18,3.18,3.0,3.0,100894200,[1 0]
20150309,2.95,3.01,2.95,2.96,20813900,[0 1]
20150310,2.95,3.01,2.91,2.93,33473900,[0 0]
20150311,2.94,3.02,2.94,3.0,9314700,[1 0]
20150312,3.01,3.01,2.93,2.96,11395600,[0 1]
20150313,2.88,2.94,2.79,2.89,13774300,[1 0]
20150316,2.83,2.97,2.83,2.89,7882100,[1 1]
20150317,2.83,2.91,2.81,2.81,22045900,[1 0]
20150318,2.81,2.85,2.81,2.85,597500,[1 1]
20150319,2.85,2.96,2.85,2.92,1051300,[0 0]
20150320,2.92,2.99,2.92,2.97,3723400,[0 0]
20150323,2.97,2.97,2.95,2.95,384700,[0 1]
20150324,2.9,2.95,2.89,2.93,16834500,[0 0]
20150325,2.93,2.99,2.93,2.99,20807000,[1 1]
20150326,3.0,3.0,2.95,2.99,11913900,[0 1]
20150327,2.99,2.99,2.95,2.96,16027900,[1 0]
20150330,2.96,2.96,2.91,2.95,41303200,[1 1]
20150331,2.95,2.98,2.9,2.98,40838300,[1 0]
20150401,2.95,2.95,2.95,2.95,118000,[1 0]
20150402,2.92,2.96,2.91,2.92,2903600,[0 0]
20150406,2.99,2.99,2.96,2.96,3979500,[0 0]
20150407,2.94,2.94,2.9,2.92,5665200,[0 1]
20150408,2.93,2.99,2.92,2.99,8894400,[1 0]
20150409,2.97,3.01,2.97,3.01,4931000,[1 1]
20150410,2.99,2.99,2.92,2.95,22255400,[1 0]
20150413,2.99,2.99,2.92,2.94,16743200,[1 1]
20150414,3.0,3.0,2.95,2.98,10795100,[1 0]
20150415,2.99,2.99,2.91,2.91,27160000,[1 1]
20150416,2.98,2.99,2.91,2.91,35589500,[1 0]
20150417,2.96,2.98,2.92,2.98,25666200,[1 0]
20150420,2.97,2.99,2.91,2.93,31652000,[1 1]
20150422,2.97,3.01,2.92,2.95,102113900,[1 1]
20150423,2.93,2.97,2.91,2.95,138534600,[1 0]
20150424,2.96,3.07,2.95,3.07,51132400,[0 0]
20150427,3.02,3.05,3.01,3.05,16464600,[1 0]
20150428,3.03,3.06,2.92,2.93,207425600,[1 1]
20150429,2.94,3.1,2.94,3.07,87449600,[0 0]
20150513,3.49,3.5,3.37,3.43,19274600,[0 0]
20150514,3.49,3.49,3.25,3.43,15545200,[0 1]
20150515,3.48,3.48,3.4,3.42,3169300,[1 1]
20150518,3.48,3.48,3.43,3.43,1311500,[1 0]
20150519,3.43,3.44,3.38,3.44,205179000,[0 1]
20150520,3.43,3.43,3.38,3.43,1916700,[0 0]
20150521,3.43,3.58,3.43,3.58,2000100,[0 1]
20150522,3.6,3.6,3.44,3.5,22591700,[0 1]
20150525,3.5,3.74,3.5,3.74,5791700,[1 0]
20150526,3.7,3.9,3.66,3.75,37166300,[1 0]
20150528,3.67,3.87,3.67,3.85,5523200,[1 0]
20150611,3.8,3.82,3.72,3.72,529100,[1 1]
20150612,3.72,3.72,3.57,3.63,11922500,[1 0]
20150615,3.56,3.64,3.55,3.55,45983900,[1 1]
20150616,3.55,3.72,3.55,3.6,722900,[1 0]
20150617,3.6,3.82,3.56,3.56,402400,[1 0]
20150618,3.56,3.73,3.56,3.73,621100,[0 0]
20150619,3.62,3.83,3.6,3.83,1303700,[1 1]
20150622,3.85,3.85,3.75,3.83,1456900,[1 1]
20150623,3.73,3.9,3.72,3.9,306000,[0 1]
20150624,3.95,4.0,3.87,3.9,781700,[1 0]
20150625,3.83,3.85,3.8,3.85,2070400,[1 1]
20150626,3.85,3.94,3.84,3.9,1711200,[1 1]
20150629,4.0,4.0,3.85,3.89,124095300,[1 0]
20150630,3.9,3.95,3.89,3.95,1806400,[1 1]
20150701,3.94,3.94,3.9,3.9,78400,[0 1]
20150702,4.0,4.0,3.81,3.81,210716800,[1 1]
20150703,3.89,3.95,3.89,3.9,107634600,[1 0]
20150706,3.9,4.0,3.76,4.0,165001100,[1 0]
20150707,3.99,4.09,3.94,4.09,12319100,[1 0]
20150708,4.06,4.09,3.97,4.09,3448600,[1 0]
20150710,3.94,4.09,3.9,4.09,56835600,[1 1]
20150713,4.01,4.08,4.0,4.08,5454600,[0 0]
20150714,4.05,4.08,4.0,4.08,3450700,[1 0]
20150716,4.05,4.05,3.86,3.9,148242000,[1 1]
20150717,3.9,3.93,3.84,3.9,4600800,[1 1]
20150720,3.9,3.9,3.9,3.9,195000,[1 1]
20150721,3.95,3.99,3.87,3.9,1796600,[1 0]
20150722,4.2,4.4,4.09,4.1,196676800,[0 1]
20150723,4.2,4.2,4.1,4.12,22188900,[0 0]
20150724,4.13,4.2,4.04,4.2,368394300,[1 0]
20150727,4.12,4.2,4.02,4.15,354290900,[1 1]
20150728,4.15,4.18,4.14,4.18,2459600,[1 1]
20150729,4.15,4.26,4.15,4.17,357647900,[0 1]
20150730,4.18,4.2,4.15,4.2,5869100,[1 1]
20150731,4.23,4.25,4.15,4.25,10184800,[1 1]
20150803,4.29,4.29,4.18,4.28,1189600,[1 1]
20150804,4.28,4.28,4.2,4.27,36666200,[1 1]
20150805,4.27,4.3,4.22,4.3,3381400,[1 0]
20150806,4.29,4.29,4.25,4.29,2859900,[1 1]
20150807,4.29,4.3,4.19,4.25,4690600,[1 1]
20150810,4.3,4.3,4.23,4.25,24310300,[1 1]
20150811,4.25,4.25,4.15,4.15,836900,[1 1]
20150812,4.17,4.19,4.17,4.19,668800,[1 1]
20150813,4.2,4.29,4.0,4.0,11541400,[1 1]
20150814,3.99,4.07,3.99,4.06,35689800,[0 1]
20150817,4.08,4.22,4.05,4.06,5021200,[1 1]
20150818,4.06,4.12,4.06,4.06,3227600,[1 1]
20150819,4.02,4.09,4.02,4.06,1829000,[1 1]
20150820,4.06,4.08,4.06,4.07,366400,[1 1]
20150821,4.07,4.11,4.07,4.1,25835300,[1 0]
20150824,4.02,4.1,4.01,4.1,6373500,[1 1]
20150825,4.09,4.09,4.06,4.08,8008700,[1 1]
20150826,4.08,4.09,4.02,4.09,26906800,[0 1]
20150827,4.06,4.09,4.02,4.06,37990800,[1 0]
20150828,4.05,4.1,4.05,4.1,12549400,[1 1]
20150831,4.08,4.1,4.08,4.1,573400,[0 0]
20150901,4.05,4.09,4.03,4.08,1743700,[1 0]
20150902,4.08,4.08,4.05,4.08,5050600,[1 0]
20150903,4.05,4.08,4.05,4.08,489000,[0 0]
20150904,4.04,4.1,4.04,4.1,1184300,[1 1]
20150908,4.05,4.09,4.03,4.09,4460200,[1 1]
20150909,4.1,4.2,4.1,4.15,60833700,[0 1]
20150910,4.04,4.13,4.01,4.1,7076600,[0 1]
20150911,4.09,4.15,4.08,4.15,13331100,[1 1]
20150914,4.15,4.17,4.1,4.16,13742600,[1 1]
20150915,4.17,4.17,4.11,4.14,14653100,[1 1]
20150916,4.12,4.14,4.11,4.14,5242300,[0 0]
20150917,4.11,4.12,4.11,4.12,10444800,[0 1]
20150918,4.12,4.14,4.11,4.14,2598300,[1 0]
20150921,4.12,4.13,4.1,4.13,4561900,[1 1]
20150922,4.13,4.13,4.05,4.1,63830100,[1 0]
20150923,4.1,4.1,4.04,4.1,14226200,[1 1]
20150924,4.1,4.1,4.05,4.1,858400,[1 0]
20150925,4.06,4.09,4.06,4.09,733800,[1 1]
20150928,4.04,4.05,4.0,4.05,5735200,[1 1]
20150929,4.01,4.05,4.01,4.05,605900,[0 0]
20150930,4.01,4.05,4.01,4.05,604200,[0 1]
20151001,4.05,4.06,4.05,4.05,42322700,[1 0]
20151002,4.04,4.07,4.02,4.06,3242000,[1 1]
20151005,4.05,4.05,4.0,4.03,49399200,[1 0]
20151006,4.03,4.06,3.9,4.04,2305800,[1 1]
20151007,4.01,4.06,4.01,4.04,51592700,[0 1]
20151008,4.04,4.08,4.04,4.08,935800,[0 0]
20151009,4.1,4.11,4.01,4.1,3068500,[1 1]
20151013,4.11,4.25,4.07,4.25,1902200,[0 1]
20151014,4.23,4.23,4.08,4.14,2434700,[1 0]
20151015,4.09,4.15,4.08,4.14,11145700,[1 0]
20151016,4.12,4.14,4.11,4.14,3879400,[1 0]
20151019,4.23,4.23,4.13,4.13,1960651900,[1 1]
20151020,4.15,4.17,4.1,4.13,65804400,[0 0]
20151021,4.12,4.17,4.08,4.13,5515900,[1 1]
20151022,4.1,4.15,4.1,4.15,1445700,[0 0]
20151023,4.13,4.17,4.1,4.13,17526500,[1 0]
20151106,3.82,3.85,3.67,3.85,14874700,[1 0]
20151109,3.77,3.9,3.77,3.82,35315200,[0 0]
20151110,3.76,3.82,3.76,3.82,13136200,[1 1]
20151111,3.77,3.83,3.77,3.82,8010700,[1 0]
20151112,3.94,4.0,3.83,3.83,2436400,[1 0]
20151113,3.89,3.89,3.83,3.83,231600,[0 1]
20151116,3.83,3.84,3.82,3.83,4254900,[0 1]
20151117,3.85,3.89,3.82,3.85,6149800,[1 0]
20151118,3.87,3.87,3.81,3.81,384000,[1 0]
20151119,3.83,3.9,3.81,3.9,3089500,[1 1]
20151123,3.88,4.11,3.82,3.82,3162800,[0 0]
20151124,3.86,3.88,3.82,3.82,1384500,[0 1]
20151125,3.83,3.85,3.83,3.83,3030000,[1 1]
20151126,3.85,3.89,3.83,3.83,2922100,[1 1]
20151127,3.84,3.85,3.84,3.85,1076600,[1 1]
20151130,3.9,3.9,3.84,3.85,2234200,[1 0]
20151201,3.86,3.86,3.86,3.86,347400,[0 0]
20151202,3.86,3.86,3.83,3.86,9547300,[1 0]
20151203,3.86,3.86,3.85,3.85,385500,[1 0]
20151207,3.85,3.88,3.83,3.88,618000,[0 0]
20151208,3.88,3.88,3.88,3.88,77600,[1 0]
20151209,3.84,3.88,3.84,3.88,2593100,[1 1]
20151210,3.85,3.86,3.85,3.86,423600,[1 1]
20151211,3.87,3.89,3.87,3.88,659700,[0 1]
20151214,3.95,3.95,3.95,3.95,39500,[0 1]
20151215,3.9,3.9,3.9,3.9,6006000,[1 1]
20151216,3.87,3.9,3.85,3.9,10926700,[0 0]
20151217,3.89,3.9,3.87,3.9,17369000,[1 1]
20151218,3.9,3.9,3.87,3.9,17058700,[0 1]
20151221,3.89,3.9,3.88,3.9,311200,[0 1]
20151222,3.94,4.03,3.94,4.03,1464900,[1 1]
20151223,4.04,4.04,3.91,3.95,2359600,[1 0]
20151228,3.95,3.95,3.95,3.95,1817000,[1 0]
20151229,3.95,3.95,3.95,3.95,1540500,[1 0]
20151230,4.0,4.27,4.0,4.09,3837900,[0 1]
20160105,3.98,4.05,3.9,4.0,2901500,[1 1]
20160107,4.0,4.0,4.0,4.0,80000,[0 1]
20160108,3.93,3.96,3.93,3.95,1972500,[1 1]
20160112,3.91,4.02,3.91,3.95,316500,[1 1]
20160113,3.89,4.04,3.89,4.04,79300,[1 1]
20160114,3.96,4.07,3.96,4.07,80300,[1 1]
20160115,4.06,4.06,3.97,4.06,442500,[0 1]
20160119,4.01,4.06,4.01,4.06,161900,[0 1]
20160120,4.0,4.06,4.0,4.0,920600,[0 0]
20160121,4.0,4.03,4.0,4.0,1722600,[0 1]
20160126,4.0,4.0,3.96,4.0,2668000,[1 1]
20160127,3.96,4.0,3.95,4.0,1918000,[1 1]
20160128,4.0,4.0,4.0,4.0,400000,[1 0]
20160129,3.98,4.0,3.97,4.0,4826100,[1 1]
20160201,3.95,4.0,3.95,4.0,319500,[1 1]
20160203,3.96,4.0,3.96,4.0,4959600,[1 0]
20160204,3.99,4.02,3.95,4.02,11184000,[1 1]
20160210,3.96,4.0,3.93,4.0,8253700,[0 1]
20160211,3.96,4.0,3.96,4.0,14379000,[0 1]
20160215,3.98,3.98,3.98,3.98,39800000,[1 0]
20160216,3.96,4.0,3.96,4.0,1117600,[1 0]
20160217,4.0,4.0,3.97,4.0,239400,[1 0]
20160218,3.95,4.0,3.95,4.0,795000,[1 1]
20160222,4.0,4.0,3.96,4.0,6553500,[0 1]
20160223,4.0,4.0,4.0,4.0,16160000,[1 1]
20160224,4.0,4.11,4.0,4.05,1216800,[0 0]
20160225,3.96,4.05,3.95,4.01,1564800,[1 1]
20160226,4.01,4.15,4.0,4.02,68109900,[1 1]
20160229,4.1,4.1,4.02,4.05,18926200,[1 0]
20160301,4.03,4.05,4.02,4.05,30136000,[1 1]
20160302,4.02,4.05,4.02,4.05,39434500,[1 0]
20160303,4.03,4.05,4.02,4.05,73007600,[1 1]
20160304,4.06,4.06,4.05,4.05,29119800,[1 1]
20160307,4.06,4.06,4.05,4.05,14337200,[0 0]
20160308,4.06,4.06,4.04,4.05,13206100,[1 1]
20160309,4.1,4.11,4.06,4.08,63846000,[1 1]
20160310,4.07,4.08,4.05,4.08,36214900,[1 1]
20160311,4.08,4.1,4.07,4.1,107711000,[1 1]
20160314,4.08,4.11,4.06,4.1,5304100,[1 1]
20160315,4.05,4.1,4.05,4.1,2405400,[0 1]
20160316,4.08,4.1,4.05,4.1,18468600,[1 1]
20160317,4.12,4.12,3.94,4.04,28432300,[0 1]
20160318,4.05,4.05,3.91,3.91,9406400,[1 1]
20160321,3.92,4.0,3.92,4.0,14497600,[1 0]
20160322,4.1,4.1,4.0,4.1,25224300,[1 0]
20160323,4.08,4.29,4.0,4.29,40712200,[0 1]
20160324,4.29,4.38,4.03,4.25,17561900,[1 1]
20160328,4.02,4.33,3.95,4.25,15570900,[1 1]
20160329,4.11,4.13,4.09,4.1,79715400,[1 0]
20160330,4.2,4.2,4.2,4.2,84000,[1 0]
20160331,4.38,4.38,4.38,4.38,4949400,[1 1]
20160401,4.13,4.21,4.12,4.12,1578800,[1 1]
20160404,4.13,4.24,4.08,4.08,453300,[1 0]
20160405,4.37,4.37,4.12,4.12,2445800,[0 0]
20160406,4.13,4.38,4.12,4.12,539500,[1 1]
20160407,4.14,4.14,4.12,4.12,247800,[1 0]
20160408,4.34,4.34,4.33,4.33,86700,[0 1]
20160414,4.21,4.23,4.12,4.12,666700,[1 0]
20160415,4.13,4.14,4.12,4.12,247600,[1 1]
20160422,4.13,4.13,4.12,4.12,1524800,[0 1]
20160425,4.13,4.14,4.12,4.12,247800,[1 1]
20160426,4.14,4.14,4.12,4.12,247800,[1 1]
20160427,4.14,4.25,4.11,4.11,3473600,[1 0]
